<?xml version='1.0' encoding='utf-8'?>
<Resource>
	<label commandName="CloseUnsavedFile" devLabel="Close File" translation="" />
	<label commandName="CopyToDesktopCmdCaption" devLabel="Export Archive" translation="" />
	<label commandName="DefaultLibraryName" devLabel="Library" translation="" />
	<label commandName="DefaultPCBName" devLabel="PCB" translation="" />
	<label commandName="DefaultSchematicName" devLabel="Schematic" translation="" />
	<label commandName="ElectronComponentRootDefaultUserName" devLabel="ElectronComponent" translation="" />
	<label commandName="ElectronDocumentTypeNameBrd" devLabel="The board file" translation="" />
	<label commandName="ElectronDocumentTypeNameDefault" devLabel="The file" translation="" />
	<label commandName="ElectronDocumentTypeNameLbr" devLabel="The library file" translation="" />
	<label commandName="ElectronDocumentTypeNameSch" devLabel="The schematic file" translation="" />
	<label commandName="ElectronExtFileBlobSerializer" devLabel="Electron failed to generate a small thumbnail." translation="" />
	<label commandName="ElectronFileExportFailurePrompt1" devLabel=" has errors and cannot be exported. Save the file before exporting." translation="" />
	<label commandName="ElectronFileLoadFailureExportMsg" devLabel="Click Export to save a copy of the file and error logs as a ZIP file to send to support. &lt;a href=&quot;https://knowledge.autodesk.com/contact-support&quot;&gt;Contact support&lt;/a&gt;" translation="" />
	<label commandName="ElectronFileLoadFailurePrompt" devLabel=" has errors and cannot be opened." translation="" />
	<label commandName="ElectronFileLoadWarningExportMsg" devLabel="Click OK to open the file with warnings or click Export to save a copy of the file and error logs as a ZIP file to send to support. &lt;a href=&quot;https://knowledge.autodesk.com/contact-support&quot;&gt;Contact support&lt;/a&gt;" translation="" />
	<label commandName="ElectronFileLoadWarningPrompt" devLabel=" has errors and will be opened with warnings." translation="" />
	<label commandName="ElectronFileSaveFailureExportMsg" devLabel="Do one of the following:&lt;ul&gt;&lt;li&gt;Select Close File to discard changes and revert to the last saved version.&lt;/li&gt;&lt;li&gt;Click Cancel to continue working on the file to resolve the errors.&lt;/li&gt;&lt;li&gt;Select Export &amp; Close File to save a copy of the file with the latest unsaved changes and error logs as a ZIP file to send to support. &lt;a href=&quot;https://knowledge.autodesk.com/contact-support&quot;&gt;Contact support&lt;/a&gt;&lt;/li&gt;&lt;/ul&gt;" translation="" />
	<label commandName="ElectronFileSaveFailureExportMsg_ccy" devLabel="Do one of the following:&lt;ul&gt;&lt;li&gt;Select Close File to discard changes and revert to the last saved change.&lt;/li&gt;&lt;li&gt;Click Cancel to continue working on the file to resolve the errors manually.&lt;/li&gt;&lt;li&gt;Select Export &amp; Close File to save a copy of the file with the latest unsaved changes and error logs as a ZIP file to send to Support. &lt;a href=&quot;https://knowledge.autodesk.com/contact-support&quot;&gt;Contact Support&lt;/a&gt;&lt;/li&gt;&lt;/ul&gt;" translation="" />
	<label commandName="ElectronFileSaveFailureMode1" devLabel=" could not be autosaved." translation="" />
	<label commandName="ElectronFileSaveFailureMode2" devLabel=" cannot be saved." translation="" />
	<label commandName="ElectronFileSaveFailurePrompt1" devLabel=" has errors and" translation="" />
	<label commandName="ElectronLbrDocAssetType" devLabel="Library Document Asset" translation="" />
	<label commandName="ElectronLoadFailureStatus1" devLabel="Attempt to load the design file failed due to potential corruption.&lt;br/&gt;" translation="" />
	<label commandName="ElectronOptionGroupUserName" devLabel="ECAD" translation="" />
	<label commandName="ElectronPcbDocAssetType" devLabel="PCB Document Asset" translation="" />
	<label commandName="ElectronProjectDocAssetType" devLabel="Electronics Design Document Asset" translation="" />
	<label commandName="ElectronSaveFailureArticleMessage" devLabel="&lt;a href=&quot;http://knowledge.autodesk.com&quot;&gt;Learn how to fix potential data corruption issues&lt;/a&gt;" translation="" />
	<label commandName="ElectronSaveFailureStatus2" devLabel=" has errors and cannot be saved.&lt;br/&gt;" translation="" />
	<label commandName="ElectronSchDocAssetType" devLabel="Schematic Document Asset" translation="" />
	<label commandName="ElectronicsDesignDefaultName" devLabel="Electronics Design" translation="" />
	<label commandName="ExportUnloadedFile" devLabel="Export" translation="" />
	<label commandName="ExportUnsavedFiles" devLabel="Export &amp;&amp; Close File" translation="" />
	<label commandName="FolderIsNotAccessible" devLabel="The selected folder: &quot;%1%&quot; is not accessible." translation="" />
	<label commandName="PCB2dUpdateToLatestConfirm" devLabel="The linked PCB2d file has new version(s).&#10;Do you want to load the latest version?" translation="" />
	<label commandName="PCB2dUpdateToLatestConfirm_ccy" devLabel="The linked PCB2d file has at least one new change.&#10;Do you want to load the latest changes?" translation="" />
	<label commandName="PCB3dUpdateToLatestConfirm" devLabel="The linked PCB3d file has new version(s).&#10;Do you want to load the latest version?" translation="" />
	<label commandName="PCB3dUpdateToLatestConfirm_ccy" devLabel="The linked PCB3d file has at least one new change.&#10;Do you want to load the latest changes?" translation="" />
	<label commandName="PCBUpdateToLatestConfirm" devLabel="The linked PCB file has new version(s).&#10;Do you want to load the latest version?" translation="" />
	<label commandName="PCBUpdateToLatestConfirm_ccy" devLabel="The linked PCB file has at least one new change.&#10;Do you want to load the latest changes?" translation="" />
	<label commandName="SCHUpdateToLatestConfirm" devLabel="The linked Schematic file has new version(s).&#10;Do you want to load the latest version?" translation="" />
	<label commandName="SCHUpdateToLatestConfirm_ccy" devLabel="The linked schematic has at least one new change.&#10;Do you want to load the latest changes?" translation="" />
	<label commandName="UnsavedDocumentLabel" devLabel="(Unsaved)" translation="" />
	<label commandName="UpdateToLatestConfirm" devLabel="The linked file has new version(s).&#10;Do you want to load the latest version?" translation="" />
	<label commandName="UpdateToLatestConfirm_ccy" devLabel="The linked component has at least one new change.&#10;Do you want to load the latest changes?" translation="" />
</Resource>