<?xml version='1.0' encoding='utf-8'?>
<Resource>
	<label commandName="2.5D" devLabel="2.5D" translation="" />
	<label commandName="AdvancedMeshingMethodOption" devLabel="Advanced" translation="" />
	<label commandName="AdvancedMeshingMethodOptionToolTip" devLabel="Creates mesh with good outer surface quality." translation="" />
	<label commandName="Beams" devLabel="Beams" translation="" />
	<label commandName="Blend Distance Caption" devLabel="Blend Distance" translation="" />
	<label commandName="BlendDistanceCaption" devLabel="Blend Distance" translation="" />
	<label commandName="BlendDistanceCaptionToolTip" devLabel="" translation="" />
	<label commandName="Clearance Caption" devLabel="Clearance" translation="" />
	<label commandName="ClearanceCaption" devLabel="Clearance" translation="" />
	<label commandName="ClearanceCaptionToolTip" devLabel="" translation="" />
	<label commandName="CustomresolutionOption" devLabel="Custom" translation="" />
	<label commandName="CustomresolutionOptionToolTip" devLabel="Applies custom resolution settings to tessellate the volumetric lattice." translation="" />
	<label commandName="Design" devLabel="Design" translation="" />
	<label commandName="DesignFeaturePackDescription" devLabel="This section controls optional behavior within the Design workspace." translation="" />
	<label commandName="Geometry Caption" devLabel="Geometry" translation="" />
	<label commandName="GeometryCaption" devLabel="Geometry" translation="" />
	<label commandName="GeometryCaptionToolTip" devLabel="" translation="" />
	<label commandName="HighresolutionOption" devLabel="High" translation="" />
	<label commandName="HighresolutionOptionToolTip" devLabel="Applies a preset with high resolution settings to tessellate the volumetric lattice." translation="" />
	<label commandName="InvertDensityEffect" devLabel="Invert" translation="" />
	<label commandName="InvertDensityEffectToolTip" devLabel="Invert the effect on the solidity." translation="" />
	<label commandName="LowresolutionOption" devLabel="Low" translation="" />
	<label commandName="LowresolutionOptionToolTip" devLabel="Applies a preset with low resolution settings to tessellate the volumetric lattice." translation="" />
	<label commandName="MassProperties" devLabel="Volumetric Lattice Properties" translation="" />
	<label commandName="MediumresolutionOption" devLabel="Medium" translation="" />
	<label commandName="MediumresolutionOptionToolTip" devLabel="Applies a preset with medium resolution settings to tessellate the volumetric lattice." translation="" />
	<label commandName="MeshingCellCount" devLabel="Element Count" translation="" />
	<label commandName="MeshingCellCountToolTip" devLabel="Indicates the total number of elements in the grid used to divide the volumetric space.&#10;More elements create a more detailed mesh and take longer to calculate." translation="" />
	<label commandName="MeshingCellSize" devLabel="Element Size" translation="" />
	<label commandName="MeshingCellSizeToolTip" devLabel="Indicates the size of each element in a grid used to divide the volumetric space.&#10;Small elements create a more detailed mesh and take longer to calculate." translation="" />
	<label commandName="MeshingDeferCompute" devLabel="Suspend Compute" translation="" />
	<label commandName="MeshingDeferComputeToolTip" devLabel="If enabled, this feature will not compute until edited, showing a warning instead." translation="" />
	<label commandName="MeshingMethodOptionsInput" devLabel="Meshing Approach" translation="" />
	<label commandName="MeshingMethodOptionsInputToolTip" devLabel="" translation="" />
	<label commandName="MeshingRemoveModel" devLabel="Remove Volumetric Model" translation="" />
	<label commandName="MeshingRemoveModelToolTip" devLabel="If enabled, the Volumetric Model will be removed after conversion to mesh." translation="" />
	<label commandName="MeshingRemoveSmallMeshThreshold" devLabel="Shell Size Threshold" translation="" />
	<label commandName="MeshingRemoveSmallMeshThresholdToolTip" devLabel="Specify the threshold value for a small mesh shell.&#10;If the surface area of a mesh shell, divided by the total surface area is less than the threshold value, the shell will be removed." translation="" />
	<label commandName="MeshingRemoveSmallMeshes" devLabel="Remove Small Mesh Shells" translation="" />
	<label commandName="MeshingRemoveSmallMeshesToolTip" devLabel="If enabled, disconnected mesh shells are filtered by size and removed from the created mesh body." translation="" />
	<label commandName="MeshingResolution" devLabel="Meshing Resolution" translation="" />
	<label commandName="MeshingResolutionToolTip" devLabel="The meshing resolution" translation="" />
	<label commandName="MeshingShowPreview" devLabel="Show Preview" translation="" />
	<label commandName="MeshingShowPreviewToolTip" devLabel="If enabled, will show the preview of the mesh conversion operation in the 3D view. This might be slow for complex models and/or small cell sizes." translation="" />
	<label commandName="ModelToMeshSelectModel" devLabel="Select a volumetric model to convert to a mesh body" translation="" />
	<label commandName="ModifyModelSelectModel" devLabel="Select a volumetric lattice to modify" translation="" />
	<label commandName="MomentOfInertiaAtCOG" devLabel="Moment of Inertia at Center of Mass" translation="" />
	<label commandName="MomentOfInertiaAtOrigin" devLabel="Moment of Inertia at Origin" translation="" />
	<label commandName="OriginalMeshingMethodOption" devLabel="Original" translation="" />
	<label commandName="OriginalMeshingMethodOptionToolTip" devLabel="Creates a mesh with a rough outer surface with volumetric color." translation="" />
	<label commandName="Point Caption" devLabel="Point" translation="" />
	<label commandName="PointCaption" devLabel="Point" translation="" />
	<label commandName="PointCaptionToolTip" devLabel="" translation="" />
	<label commandName="PointOnPathCaption" devLabel="Position" translation="" />
	<label commandName="PointOnPathCaptionToolTip" devLabel="" translation="" />
	<label commandName="Position Caption" devLabel="Position" translation="" />
	<label commandName="RemoveModelSelectModel" devLabel="Select a volumetric model to remove" translation="" />
	<label commandName="Solidity Caption" devLabel="Solidity" translation="" />
	<label commandName="Solidity Caption Regions" devLabel="Solidity" translation="" />
	<label commandName="SolidityCaption" devLabel="Solidity" translation="" />
	<label commandName="SolidityCaptionToolTip" devLabel="" translation="" />
	<label commandName="TPMS" devLabel="TPMS" translation="" />
	<label commandName="Thickness Caption" devLabel="Thickness" translation="" />
	<label commandName="ThicknessCaption" devLabel="Thickness" translation="" />
	<label commandName="ThicknessCaptionToolTip" devLabel="" translation="" />
	<label commandName="VolFielTextureGeom" devLabel="Geometry" translation="" />
	<label commandName="VolFielTextureGeomToolTip" devLabel="Select body, mesh or its faces to define the texture surfaces." translation="" />
	<label commandName="VolFieldCreateLatticeCommand" devLabel="Volumetric Lattice" translation="" />
	<label commandName="VolFieldCreateLatticeSelectBody" devLabel="Select solid or closed mesh body to apply a volumetric model" translation="" />
	<label commandName="VolFieldCreateLatticeSelectDensityCurv" devLabel="Select a curve or edge to define a path of varying solidity" translation="" />
	<label commandName="VolFieldCreateLatticeSelectDensityReg" devLabel="Select geometry to create regions of solidity" translation="" />
	<label commandName="VolFieldCreateLatticeSpecifyOffset" devLabel="Specify offset and blending distance" translation="" />
	<label commandName="VolFieldDcCreateLatticeEditCmd" devLabel="Edit Feature" translation="" />
	<label commandName="VolFieldDcModelToMeshEditCmd" devLabel="Edit Feature" translation="" />
	<label commandName="VolFieldDcModifyModelEditCmd" devLabel="Edit Feature" translation="" />
	<label commandName="VolFieldDcTextureEditCmd" devLabel="Edit Feature" translation="" />
	<label commandName="VolFieldDisplayOptions" devLabel="Volumetric Display Options" translation="" />
	<label commandName="VolFieldDisplayQualitySliderMainInput" devLabel="Volume Display Quality" translation="" />
	<label commandName="VolFieldDisplayQualitySliderMainInputToolTip" devLabel="Specify the display quality of the volumetric model." translation="" />
	<label commandName="VolFieldLatticeBoundaryBodyInput" devLabel="Body" translation="" />
	<label commandName="VolFieldLatticeBoundaryBodyInputToolTip" devLabel="Select a solid or closed mesh body to create an internal lattice." translation="" />
	<label commandName="VolFieldLatticeCellGeom" devLabel="Geometry" translation="" />
	<label commandName="VolFieldLatticeCellGeomToolTip" devLabel="Select solid or closed mesh bodies, faces or paths to define the unit cell structure." translation="" />
	<label commandName="VolFieldLatticeCellType" devLabel="Cell Shape" translation="" />
	<label commandName="VolFieldLatticeCellTypeBN2DHoneycomb" devLabel="Honeycomb" translation="" />
	<label commandName="VolFieldLatticeCellTypeBN2DHoneycombToolTip" devLabel="Creates a hexagonal structure per cell.&#10;Hexagonal honeycomb structures provide high strength-to-weight ratio, efficinet load distribution, and excellent energy absorption." translation="" />
	<label commandName="VolFieldLatticeCellTypeBN2DXCell" devLabel="2.5D X" translation="" />
	<label commandName="VolFieldLatticeCellTypeBN2DXCellToolTip" devLabel="Creates a 2.5D X structure per cell.&#10;2.5D X-cell structures are used commonly in additive manufacturing and provide high directional stiffness." translation="" />
	<label commandName="VolFieldLatticeCellTypeBNCross" devLabel="Cross" translation="" />
	<label commandName="VolFieldLatticeCellTypeBNCrossToolTip" devLabel="Creates a simple cross structure per cell.&#10;Cross structures have good vertical and horizontal strength qualities." translation="" />
	<label commandName="VolFieldLatticeCellTypeBNOctetTruss" devLabel="OctetTruss" translation="" />
	<label commandName="VolFieldLatticeCellTypeBNOctetTrussToolTip" devLabel="Creates an Octet-truss beam structure per cell.&#10;The Octet-truss unit cell lattice exhibits a high strength-to-weight ratio and isotropic mechanical behavior, making it ideal for applications requiring lightweight yet strong and consistent structural performance." translation="" />
	<label commandName="VolFieldLatticeCellTypeBNXCell" devLabel="X" translation="" />
	<label commandName="VolFieldLatticeCellTypeBNXCellToolTip" devLabel="Creates an X structure per cell.&#10;A widely used cell in a range of additive manufacturing processes for its self-supporting nature. Suitable for a range of applications including lightweighting." translation="" />
	<label commandName="VolFieldLatticeCellTypeCustom" devLabel="Custom" translation="" />
	<label commandName="VolFieldLatticeCellTypeCustomToolTip" devLabel="Creates a structure based on selected geometry." translation="" />
	<label commandName="VolFieldLatticeCellTypeGyroid" devLabel="Gyroid" translation="" />
	<label commandName="VolFieldLatticeCellTypeGyroidToolTip" devLabel="Creates a gyroid structure per cell.&#10;Gyroid structures have excellent isotropic strength properties and can be used effectively inside 3D prints." translation="" />
	<label commandName="VolFieldLatticeCellTypeSchwarzD" devLabel="Schwarz D" translation="" />
	<label commandName="VolFieldLatticeCellTypeSchwarzDToolTip" devLabel="Creates a Schwarz D structure per cell.&#10;A structure which exhibits high stiffness properties and can be used effectively inside 3D printed parts." translation="" />
	<label commandName="VolFieldLatticeCellTypeSchwarzP" devLabel="Schwarz P" translation="" />
	<label commandName="VolFieldLatticeCellTypeSchwarzPToolTip" devLabel="Creates a Schwarz P minimal structure surface per cell.&#10;The Schwarz P structure exhibits a high load bearing capacity due to the shape's inherent strain distribution." translation="" />
	<label commandName="VolFieldLatticeCellTypeToolTip" devLabel="" translation="" />
	<label commandName="VolFieldLatticeDEnsityType" devLabel="Distribution" translation="" />
	<label commandName="VolFieldLatticeDEnsityTypeToolTip" devLabel="" translation="" />
	<label commandName="VolFieldLatticeDensityCurve" devLabel="Path" translation="" />
	<label commandName="VolFieldLatticeDensityCurveEnd" devLabel="End" translation="" />
	<label commandName="VolFieldLatticeDensityCurvePoint" devLabel="Point " translation="" />
	<label commandName="VolFieldLatticeDensityCurvePointDensity" devLabel="" translation="" />
	<label commandName="VolFieldLatticeDensityCurvePointDensityToolTip" devLabel="Solidity" translation="" />
	<label commandName="VolFieldLatticeDensityCurvePointLabel" devLabel="" translation="" />
	<label commandName="VolFieldLatticeDensityCurvePointLabelToolTip" devLabel="Specify a point" translation="" />
	<label commandName="VolFieldLatticeDensityCurvePointPosition" devLabel="Position Along Curve" translation="" />
	<label commandName="VolFieldLatticeDensityCurvePointPositionToolTip" devLabel="Specify position along selected path." translation="" />
	<label commandName="VolFieldLatticeDensityCurveStart" devLabel="Start" translation="" />
	<label commandName="VolFieldLatticeDensityCurveTable" devLabel="Curve solidity gradient" translation="" />
	<label commandName="VolFieldLatticeDensityCurveTableToolTip" devLabel="" translation="" />
	<label commandName="VolFieldLatticeDensityCurveToolTip" devLabel="Select path to distribute material volume within the body." translation="" />
	<label commandName="VolFieldLatticeDensityFallOff" devLabel="Blend Distance" translation="" />
	<label commandName="VolFieldLatticeDensityFallOffToolTip" devLabel="Specify the length of the gradient between the offset area and the solidity of the rest of the lattice." translation="" />
	<label commandName="VolFieldLatticeDensityInput" devLabel="" translation="" />
	<label commandName="VolFieldLatticeDensityInputToolTip" devLabel="Specify the solidity of the volumetric lattice." translation="" />
	<label commandName="VolFieldLatticeDensityOffsetTable" devLabel="Solidity" translation="" />
	<label commandName="VolFieldLatticeDensityOffsetTableToolTip" devLabel="Solidity offset regions" translation="" />
	<label commandName="VolFieldLatticeDensityReg" devLabel="Select" translation="" />
	<label commandName="VolFieldLatticeDensityRegDensitySlider" devLabel="Solidity" translation="" />
	<label commandName="VolFieldLatticeDensityRegDensitySliderToolTip" devLabel="Specify the solidity of the offset region." translation="" />
	<label commandName="VolFieldLatticeDensityRegFallOff" devLabel="Blend Distance" translation="" />
	<label commandName="VolFieldLatticeDensityRegFallOffToolTip" devLabel="Specify the length of the gradient between the offset area and the solidity of the rest of the lattice." translation="" />
	<label commandName="VolFieldLatticeDensityRegGeom" devLabel="Geometry" translation="" />
	<label commandName="VolFieldLatticeDensityRegGeomToolTip" devLabel="Select bodies, faces, paths or points to specify solidity." translation="" />
	<label commandName="VolFieldLatticeDensityRegLabel" devLabel="Region" translation="" />
	<label commandName="VolFieldLatticeDensityRegLabelToolTip" devLabel="Geometry" translation="" />
	<label commandName="VolFieldLatticeDensityRegThickness" devLabel="" translation="" />
	<label commandName="VolFieldLatticeDensityRegThicknessToolTip" devLabel="Thickness" translation="" />
	<label commandName="VolFieldLatticeDensityRegToolTip" devLabel="Geometry" translation="" />
	<label commandName="VolFieldLatticeDensityRegionsAdd" devLabel="Add region" translation="" />
	<label commandName="VolFieldLatticeDensityRegionsAddToolTip" devLabel="Add geometry." translation="" />
	<label commandName="VolFieldLatticeDensityRegionsRem" devLabel="Remove region" translation="" />
	<label commandName="VolFieldLatticeDensityRegionsRemToolTip" devLabel="Remove geometry." translation="" />
	<label commandName="VolFieldLatticeDensitySliderInput" devLabel="Solidity" translation="" />
	<label commandName="VolFieldLatticeDensitySliderInputConstant" devLabel="Solidity" translation="" />
	<label commandName="VolFieldLatticeDensitySliderInputConstantToolTip" devLabel="Specify the solidity of the volumetric lattice." translation="" />
	<label commandName="VolFieldLatticeDensitySliderInputToolTip" devLabel="Specify the solidity of the volumetric lattice." translation="" />
	<label commandName="VolFieldLatticeDensityThickness" devLabel="Thickness" translation="" />
	<label commandName="VolFieldLatticeDensityThicknessToolTip" devLabel="Thickness" translation="" />
	<label commandName="VolFieldLatticeDensityTypeAlongCurve" devLabel="Gradient Along Path" translation="" />
	<label commandName="VolFieldLatticeDensityTypeAlongCurveToolTip" devLabel="Distributes a varying percentage of material volume to cells along the selected line, curve or edge." translation="" />
	<label commandName="VolFieldLatticeDensityTypeConstant" devLabel="Uniform" translation="" />
	<label commandName="VolFieldLatticeDensityTypeConstantToolTip" devLabel="Distributes an even percentage of material volume to all cells throughout the selected body." translation="" />
	<label commandName="VolFieldLatticeDensityTypeDistance" devLabel="Distance from geometry" translation="" />
	<label commandName="VolFieldLatticeDensityTypeDistanceToolTip" devLabel="" translation="" />
	<label commandName="VolFieldLatticeRegDensity" devLabel="" translation="" />
	<label commandName="VolFieldLatticeRegDensityToolTip" devLabel="Solidity" translation="" />
	<label commandName="VolFieldLatticeScalingBNCircularCS" devLabel="Uniform Thickness" translation="" />
	<label commandName="VolFieldLatticeScalingBNCircularCSToolTip" devLabel="Keep the thickness uniform under non-uniform scaling." translation="" />
	<label commandName="VolFieldLatticeSizeActive" devLabel="Scale" translation="" />
	<label commandName="VolFieldLatticeSizeActiveToolTip" devLabel="" translation="" />
	<label commandName="VolFieldLatticeSizeInputGroup" devLabel="Cell Size" translation="" />
	<label commandName="VolFieldLatticeSizeInputGroupToolTip" devLabel="" translation="" />
	<label commandName="VolFieldLatticeSizeIsUniformInput" devLabel="Proportions" translation="" />
	<label commandName="VolFieldLatticeSizeIsUniformInputToolTip" devLabel="" translation="" />
	<label commandName="VolFieldLatticeSizeTypeNonUniform" devLabel="Non-Uniform" translation="" />
	<label commandName="VolFieldLatticeSizeTypeNonUniformToolTip" devLabel="Creates cells of different sizes in each direction." translation="" />
	<label commandName="VolFieldLatticeSizeTypeUniform" devLabel="Uniform" translation="" />
	<label commandName="VolFieldLatticeSizeTypeUniformToolTip" devLabel="Creates cells of the same size in each direction." translation="" />
	<label commandName="VolFieldLatticeSizeUniformInput" devLabel="Size" translation="" />
	<label commandName="VolFieldLatticeSizeUniformInputToolTip" devLabel="" translation="" />
	<label commandName="VolFieldLatticeSizeXInput" devLabel="X Direction" translation="" />
	<label commandName="VolFieldLatticeSizeXInputToolTip" devLabel="Specify the size of the cell in the X direction." translation="" />
	<label commandName="VolFieldLatticeSizeYInput" devLabel="Y Direction" translation="" />
	<label commandName="VolFieldLatticeSizeYInputToolTip" devLabel="Specify the size of the cell in the Y direction." translation="" />
	<label commandName="VolFieldLatticeSizeZInput" devLabel="Z Direction" translation="" />
	<label commandName="VolFieldLatticeSizeZInputToolTip" devLabel="Specify the size of the cell in the Z direction." translation="" />
	<label commandName="VolFieldLatticeTabBar" devLabel="Lattice Tabs" translation="" />
	<label commandName="VolFieldLatticeTabBarToolTip" devLabel="Volumetric lattice parameter tabs" translation="" />
	<label commandName="VolFieldLatticeTabDensity" devLabel="Solidity" translation="" />
	<label commandName="VolFieldLatticeTabDensityToolTip" devLabel="Specify the amount of the solidity in cells and its distribution." translation="" />
	<label commandName="VolFieldLatticeTabPattern" devLabel="Setup" translation="" />
	<label commandName="VolFieldLatticeTabPatternToolTip" devLabel="Select a body and specify the cell shape and orientation." translation="" />
	<label commandName="VolFieldLatticeTabRegions" devLabel="Offset" translation="" />
	<label commandName="VolFieldLatticeTabRegionsToolTip" devLabel="Specify offset areas of the body." translation="" />
	<label commandName="VolFieldLatticeTransformEnable" devLabel="Move / Rotate" translation="" />
	<label commandName="VolFieldLatticeTransformEnableToolTip" devLabel="Moves or rotates cells in the specified direction." translation="" />
	<label commandName="VolFieldLatticeTransformInput" devLabel="Transform" translation="" />
	<label commandName="VolFieldLatticeTransformInputGroup" devLabel="Lattice Transform" translation="" />
	<label commandName="VolFieldLatticeTransformInputGroupToolTip" devLabel="" translation="" />
	<label commandName="VolFieldLatticeTransformInputToolTip" devLabel="" translation="" />
	<label commandName="VolFieldLatticeTransformReset" devLabel="Reset" translation="" />
	<label commandName="VolFieldLatticeTransformResetToolTip" devLabel="Resets cells to the original position." translation="" />
	<label commandName="VolFieldMassPropDisclaimer" devLabel="Volumetric Lattice Properties are estimates of their true physical quantities. Increasing&#10;the complexity of the Volumetric Lattice will reduce the accuracy of these estimates." translation="" />
	<label commandName="VolFieldModelToMeshCommand" devLabel="Convert Volumetric Model to Mesh" translation="" />
	<label commandName="VolFieldModifyModelCommand" devLabel="Modify Volumetric Lattice" translation="" />
	<label commandName="VolFieldRemoveModelCommand" devLabel="Remove" translation="" />
	<label commandName="VolFieldSelectCellGeometry" devLabel="Select solid or closed mesh bodies, faces or paths." translation="" />
	<label commandName="VolFieldTextureCellAmplitudeInput" devLabel="Amplitude" translation="" />
	<label commandName="VolFieldTextureCellAmplitudeInputToolTip" devLabel="Multiplier applied to output range of the random noise value. The output will always be positive. The output values will tend to get larger as the cell gets larger (i.e. the stride is increased)." translation="" />
	<label commandName="VolFieldTextureCellCountXInput" devLabel="X Cell Count" translation="" />
	<label commandName="VolFieldTextureCellCountXInputToolTip" devLabel="The number of cuboids used in the x axis to generate noise. The input values must be positive integers. The output values will tend to get larger as the count gets smaller" translation="" />
	<label commandName="VolFieldTextureCellCountYInput" devLabel="Y Cell Count" translation="" />
	<label commandName="VolFieldTextureCellCountYInputToolTip" devLabel="The number of cuboids used in the y axis to generate noise. The input values must be positive integers. The output values will tend to get larger as the count gets smaller" translation="" />
	<label commandName="VolFieldTextureCellCountZInput" devLabel="Z Cell Count" translation="" />
	<label commandName="VolFieldTextureCellCountZInputToolTip" devLabel="The number of cuboids used in the z axis to generate noise. The input values must be positive integers. The output values will tend to get larger as the count gets smaller" translation="" />
	<label commandName="VolFieldTextureCellFNumberInput" devLabel="FNumber" translation="" />
	<label commandName="VolFieldTextureCellFNumberInputToolTip" devLabel="Distance to the n-th closest point in the Voronoi field (1- returns the distance to the firstclosest point, 2- to the second, etc) where n-ranges : [0,8]." translation="" />
	<label commandName="VolFieldTextureCellFractalDepthInput" devLabel="Fractal Depth" translation="" />
	<label commandName="VolFieldTextureCellFractalDepthInputToolTip" devLabel="Number of iterations of noise to produce. Each subsequent iteration will have halved stride." translation="" />
	<label commandName="VolFieldTextureCellInputGroup" devLabel="Cell" translation="" />
	<label commandName="VolFieldTextureCellInputGroupToolTip" devLabel="" translation="" />
	<label commandName="VolFieldTextureCellManhattanInput" devLabel="Manhattan" translation="" />
	<label commandName="VolFieldTextureCellManhattanInputToolTip" devLabel="Toggle between Manhattan- and Euclidean- distance. Controls internal noise generation. If on noise will be steeper, especially off the axes." translation="" />
	<label commandName="VolFieldTextureCellPersistenceInput" devLabel="Persistence" translation="" />
	<label commandName="VolFieldTextureCellPersistenceInputToolTip" devLabel="Ratio by which amplitude is reduced for each fractal layer." translation="" />
	<label commandName="VolFieldTextureCellSeedInput" devLabel="Seed" translation="" />
	<label commandName="VolFieldTextureCellSeedInputToolTip" devLabel="Seed: Seed for the random generation." translation="" />
	<label commandName="VolFieldTextureClearanceRegionsAdd" devLabel="Add region" translation="" />
	<label commandName="VolFieldTextureClearanceRegionsAddToolTip" devLabel="Add geometry." translation="" />
	<label commandName="VolFieldTextureClearanceRegionsRem" devLabel="Remove region" translation="" />
	<label commandName="VolFieldTextureClearanceRegionsRemToolTip" devLabel="Remove geometry." translation="" />
	<label commandName="VolFieldTextureClearancesRegGeom" devLabel="Geometry" translation="" />
	<label commandName="VolFieldTextureClearancesRegGeomToolTip" devLabel="Select bodies, faces, paths or points to specify solidity." translation="" />
	<label commandName="VolFieldTextureClearancesTable" devLabel="Clearances" translation="" />
	<label commandName="VolFieldTextureClearancesTableToolTip" devLabel="Solidity clearance regions" translation="" />
	<label commandName="VolFieldTextureCommand" devLabel="Volumetric Texture" translation="" />
	<label commandName="VolFieldTextureDensityRegFallOff" devLabel="Blend Distance" translation="" />
	<label commandName="VolFieldTextureDensityRegFallOffToolTip" devLabel="Specify the length of the gradient between the offset area and the solidity of the rest of the texture." translation="" />
	<label commandName="VolFieldTextureDensityRegLabel" devLabel="Region" translation="" />
	<label commandName="VolFieldTextureDensityRegLabelToolTip" devLabel="Geometry" translation="" />
	<label commandName="VolFieldTextureDensityRegThickness" devLabel="" translation="" />
	<label commandName="VolFieldTextureDensityRegThicknessToolTip" devLabel="Thickness" translation="" />
	<label commandName="VolFieldTextureDepth" devLabel="Depth" translation="" />
	<label commandName="VolFieldTextureDepthToolTip" devLabel="Specify the depth of engraved texture on the surface. Number of iterations of noise to produce. Each subsequent iteration will have halved stride." translation="" />
	<label commandName="VolFieldTextureGeomSelectPrompt" devLabel="Select solid or closed mesh bodies, faces or paths." translation="" />
	<label commandName="VolFieldTexturePattern" devLabel="Texture Pattern" translation="" />
	<label commandName="VolFieldTexturePatternCheckerBoard" devLabel="Checker Board" translation="" />
	<label commandName="VolFieldTexturePatternCheckerBoardToolTip" devLabel="Creates a checker board texture over the selected faces." translation="" />
	<label commandName="VolFieldTexturePatternGyroid" devLabel="Gyroid" translation="" />
	<label commandName="VolFieldTexturePatternGyroidToolTip" devLabel="Creates a gyroid wave texture over the selected faces." translation="" />
	<label commandName="VolFieldTexturePatternLeather" devLabel="Leather" translation="" />
	<label commandName="VolFieldTexturePatternLeatherToolTip" devLabel="Creates a leather like texture over the selected faces." translation="" />
	<label commandName="VolFieldTexturePatternNoise" devLabel="Noise" translation="" />
	<label commandName="VolFieldTexturePatternNoiseToolTip" devLabel="Creates a random noisy texture over the selected faces." translation="" />
	<label commandName="VolFieldTexturePatternPerlin" devLabel="Perlin" translation="" />
	<label commandName="VolFieldTexturePatternPerlinToolTip" devLabel="Creates a random perlin cell texture over the selected faces." translation="" />
	<label commandName="VolFieldTexturePatternStripe" devLabel="Stripe" translation="" />
	<label commandName="VolFieldTexturePatternStripeToolTip" devLabel="Creates stirped texture over the selected faces." translation="" />
	<label commandName="VolFieldTexturePatternToolTip" devLabel="" translation="" />
	<label commandName="VolFieldTexturePatternVoronoi" devLabel="Voronoi" translation="" />
	<label commandName="VolFieldTexturePatternVoronoiToolTip" devLabel="Creates a random voronoi cell texture over the selected faces." translation="" />
	<label commandName="VolFieldTexturePatternWoodGrain" devLabel="Wood Grain" translation="" />
	<label commandName="VolFieldTexturePatternWoodGrainToolTip" devLabel="Creates a wood grain like suface texture over the selected faces." translation="" />
	<label commandName="VolFieldTextureScale" devLabel="Scale" translation="" />
	<label commandName="VolFieldTextureScaleToolTip" devLabel="" translation="" />
	<label commandName="VolFieldTextureSelectClearancesGeom" devLabel="Select geometry to create regions of clearances" translation="" />
	<label commandName="VolFieldTextureSeparator" devLabel="Separator" translation="" />
	<label commandName="VolFieldTextureSeparatorToolTip" devLabel="" translation="" />
	<label commandName="VolFieldTextureSizeXInput" devLabel="X Direction" translation="" />
	<label commandName="VolFieldTextureSizeXInputToolTip" devLabel="Specify the size of the cell in the X direction." translation="" />
	<label commandName="VolFieldTextureSizeYInput" devLabel="Y Direction" translation="" />
	<label commandName="VolFieldTextureSizeYInputToolTip" devLabel="Specify the size of the cell in the Y direction." translation="" />
	<label commandName="VolFieldTextureSizeZInput" devLabel="Z Direction" translation="" />
	<label commandName="VolFieldTextureSizeZInputToolTip" devLabel="Specify the size of the cell in the Z direction." translation="" />
	<label commandName="VolFieldTextureSpecifyClearances" devLabel="Specify Thickness and blending distance" translation="" />
	<label commandName="VolFieldTextureTabBar" devLabel="Texture Tabs" translation="" />
	<label commandName="VolFieldTextureTabBarToolTip" devLabel="Volumetric texture parameter tabs" translation="" />
	<label commandName="VolFieldTextureTabClearances" devLabel="Clearances" translation="" />
	<label commandName="VolFieldTextureTabClearancesToolTip" devLabel="Specify offset areas of the body." translation="" />
	<label commandName="VolFieldTextureTabPattern" devLabel="Texture" translation="" />
	<label commandName="VolFieldTextureTabPatternToolTip" devLabel="Select a body and specify the face and texture orientation." translation="" />
	<label commandName="VolFieldTextureTransformEnable" devLabel="Move / Rotate" translation="" />
	<label commandName="VolFieldTextureTransformEnableToolTip" devLabel="Moves or rotates cells in the specified direction." translation="" />
	<label commandName="VolFieldTextureTransformInput" devLabel="Transform" translation="" />
	<label commandName="VolFieldTextureTransformInputGroup" devLabel="Texture Transform" translation="" />
	<label commandName="VolFieldTextureTransformInputGroupToolTip" devLabel="" translation="" />
	<label commandName="VolFieldTextureTransformInputToolTip" devLabel="" translation="" />
	<label commandName="VolFieldTextureTransformReset" devLabel="Reset" translation="" />
	<label commandName="VolFieldTextureTransformResetToolTip" devLabel="Resets cells to the original position." translation="" />
	<label commandName="VolFieldToMeshSelectBody" devLabel="Select a body with an valid volumetric lattice to create mesh body" translation="" />
	<label commandName="VolFieldToMeshSelectedBody" devLabel="Adjust the refinement settings" translation="" />
	<label commandName="VolFieldVFLatticeInput" devLabel="Volumetric Lattice" translation="" />
	<label commandName="VolFieldVFLatticeInputToolTip" devLabel="Select a volumetric lattice." translation="" />
	<label commandName="VolFieldVFModelInput" devLabel="Volumetric Model" translation="" />
	<label commandName="VolFieldVFModelInputToolTip" devLabel="Select a volumetric model." translation="" />
	<label commandName="VolfieldPropCOM" devLabel="Center of Mass" translation="" />
	<label commandName="VolfieldPropVolume" devLabel="Volume" translation="" />
	<label commandName="VolumetricModelingFeature" devLabel="Volumetric Modeling" translation="" />
	<label commandName="VolumetricModelingFeatureDescription" devLabel="Enables Volumetric Modeling tools." translation="" />
	<label commandName="VolumetricModelingFeaturePreview" devLabel="Preview Volumetric Modeling Features" translation="" />
	<label commandName="VolumetricModelingFeaturePreviewDescription" devLabel="Enables Volumetric Texture and Modify Lattice commands. Available under Solid/Mesh &gt; Modify Tab" translation="" />
	<label commandName="infoClearancesBlendDist" devLabel="infoClearancesBlendDist%1%" translation="" />
	<label commandName="infoClearancesRowLabel" devLabel="infoClearancesRowLabel%1%" translation="" />
	<label commandName="infoClearancesThickness" devLabel="infoClearancesThickness%1%" translation="" />
	<label commandName="infoDensityCurvePointDensity" devLabel="infoDensityCurvePointDensity%1%" translation="" />
	<label commandName="infoDensityCurvePointLabel" devLabel="infoDensityCurvePointLabel%1%" translation="" />
	<label commandName="infoDensityCurvePointPosition" devLabel="infoDensityCurvePointPosition%1%" translation="" />
	<label commandName="infoDensityOffsetBlendDist" devLabel="infoDensityOffsetBlendDist%1%" translation="" />
	<label commandName="infoDensityOffsetRowLabel" devLabel="infoDensityOffsetRowLabel%1%" translation="" />
	<label commandName="infoDensityOffsetSolidity" devLabel="infoDensityOffsetSolidity%1%" translation="" />
	<label commandName="infoDensityOffsetThickness" devLabel="infoDensityOffsetThickness%1%" translation="" />
	<label commandName="infoDensityRegMissing" devLabel="infoDensityRegMissing%1%" translation="" />
	<label commandName="lclzVolFieldCreateLatticeDesc" devLabel="Create a new volumetric lattice using the selected geometry as the boundary of the volume." translation="" />
	<label commandName="lclzVolFieldDisplayOptions" devLabel="Set volumetric model display quality options." translation="" />
	<label commandName="lclzVolFieldModelToMeshDesc" devLabel="Converts a volumetric model to a mesh body." translation="" />
	<label commandName="lclzVolFieldModify" devLabel="Modify" translation="" />
	<label commandName="lclzVolFieldModifyModelDesc" devLabel=" Use geometry to modify the density of an existing volumetic lattice." translation="" />
	<label commandName="lclzVolFieldRemoveModelDesc" devLabel="Removes the volumetric model from the timeline." translation="" />
	<label commandName="lclzVolFieldSetup" devLabel="Setup" translation="" />
	<label commandName="lclzVolFieldTab" devLabel="Volumetric" translation="" />
	<label commandName="lclzVolFieldTextureDesc" devLabel="Create a new volumetric texture using the selected geometry as the boundary of the volume." translation="" />
	<label commandName="mpSeparator" devLabel="" translation="" />
	<label commandName="resolutionOptionsInput" devLabel="Refinement" translation="" />
	<label commandName="resolutionOptionsInputToolTip" devLabel="" translation="" />
</Resource>