<?xml version='1.0' encoding='utf-8'?>
<Resource>
	<label commandName="ContextFolderTooltip" devLabel="Cached objects from a dissolved Assembly Context" translation="" />
	<label commandName="CreateVersionErrorHeading" devLabel="Create Version Failed &#10;" translation="" />
	<label commandName="CreateVersionErrorMsg" devLabel="Unable to create a version for " translation="" />
	<label commandName="ERROR_DEFAULT::MESSAGE_1" devLabel="&lt;p&gt;Something went wrong with the cloud connection. See &lt;a href=%1%&gt;details and potential solutions&lt;/a&gt;.&lt;/p&gt;" translation="" />
	<label commandName="ERROR_DEFAULT::TITLE" devLabel="Unhealthy Cloud Connection" translation="" />
	<label commandName="MESSAGE_OPEN_CONFIG_CANNOT_CONTACT_FREMONT_JS_LIB" devLabel="&lt;p&gt;Fusion cannot connect to a required service in this session.&lt;/p&gt;&lt;p&gt;Restart Fusion to reestablish the connection.&lt;/p&gt;" translation="" />
	<label commandName="MESSAGE_OPEN_CONFIG_NOT_INITIALIZED_1" devLabel="&lt;p&gt;Fusion cannot initialize a required service in this session.&lt;/p&gt;&lt;p&gt;Update and restart Fusion.&lt;/p&gt;&lt;p&gt;If updating and restarting do not resolve the issue, clear your cache data, or contact technical support.&lt;/p&gt;&lt;p&gt;&lt;a href=%1%&gt;Learn more&lt;/a&gt;&lt;/p&gt;" translation="" />
	<label commandName="MESSAGE_OPEN_CONFIG_TIMEOUT_CONTACT_FREMONT_JS_LIB_1" devLabel="&lt;p&gt;Fusion encountered a timeout error.&lt;/p&gt;&lt;p&gt;&lt;a href=%1%&gt;Learn more&lt;/a&gt;&lt;/p&gt;" translation="" />
	<label commandName="TITLE_OPEN_CONFIG_CANNOT_CONTACT_FREMONT_JS_LIB" devLabel="Service connection error" translation="" />
	<label commandName="TITLE_OPEN_CONFIG_NOT_INITIALIZED" devLabel="Initialization error" translation="" />
	<label commandName="TITLE_OPEN_CONFIG_TIMEOUT_CONTACT_FREMONT_JS_LIB" devLabel="Timeout error" translation="" />
	<label commandName="WARNING_MULTIPLE_FUSION_PROCESSES_RUNNING::ANY::MESSAGE_1" devLabel="&lt;p&gt;Multiple instances are not supported.&lt;/p&gt;&lt;p&gt;It's recommended to close all other instances.&lt;/p&gt;&lt;p&gt;&lt;a href=%1%&gt;Learn more&lt;/a&gt;&lt;/p&gt;" translation="" />
	<label commandName="WARNING_MULTIPLE_FUSION_PROCESSES_RUNNING::ANY::TITLE" devLabel="Fusion is already open" translation="" />
</Resource>