<?xml version="1.0" encoding="utf-8"?>
<Resource>
   <label commandName="%1%" devLabel="%2%%3%" translation="%2%%3%" />
	<label commandName="AddDCTIRowCount" devLabel="Add Row Count" translation="Количество добавляемых строк" />
	<label commandName="AddDCTIRowCountLabel" devLabel="Add Rows" translation="Добавить строки" />
	<label commandName="AddRowCount" devLabel="Add Row Count" translation="Количество добавляемых строк" />
	<label commandName="AddRowCountLabel" devLabel="Add Rows" translation="Добавить строки" />
	<label commandName="AddTCI" devLabel="Add" translation="Добавить" />
	<label commandName="AddTCIColumnMoveLeft" devLabel="Move Left" translation="Переместить влево" />
	<label commandName="AddTCIColumnMoveRight" devLabel="Move Right" translation="Переместить вправо" />
	<label commandName="AddTCIRowMoveDown" devLabel="Move Down" translation="Переместить вниз" />
	<label commandName="AddTCIRowMoveUp" devLabel="Move Up" translation="Переместить вверх" />
	<label commandName="AddTableButton" devLabel="Add new selection" translation="Добавить новое выделение" />
	<label commandName="AppliesTheCustomPresetValues" devLabel="Applies the values from this custom preset." translation="Применяет значения из этой пользовательской предустановки." />
	<label commandName="AppliesTheDefaultValuesProvidedByFusion360" devLabel="Applies the default values provided by Fusion." translation="Применяет значения по умолчанию, предоставленные Fusion." />
	<label commandName="AppliesTheFeatureValues" devLabel="Applies the values from edited feature." translation="Применяет значения из редактируемого элемента." />
	<label commandName="AppliesTheLastValuesYouUsed" devLabel="Applies the last values you used." translation="Применяет последние использованные вами значения." />
	<label commandName="AxisUInput" devLabel="Distance" translation="Расстояние" />
	<label commandName="AxisVInput" devLabel="Distance" translation="Расстояние" />
	<label commandName="AxisXDistanceInput" devLabel="X Scale" translation="Масштаб по X" />
	<label commandName="AxisYDistanceInput" devLabel="Y Scale" translation="Масштаб по Y" />
	<label commandName="AxisZDistanceInput" devLabel="Z Scale" translation="Масштаб по Z" />
	<label commandName="BeginEIPBlockedByReserve" devLabel="%1% is editing this design. Edit In Place is currently unavailable." translation="%1% редактирует этот проект. Редактирование на месте сейчас недоступно." />
	<label commandName="BeginEIPBlockedDueToCTX" devLabel="Edit In Place unavailable &#10;Design is located in another team." translation="Редактирование на месте недоступно &#10;Проект находится в другой команде." />
	<label commandName="BeginEIPBlockedDueToCTXMoreDetails" devLabel="Edit In Place unavailable &#10;Design is located in another team: %1% &#10;%2%" translation="Редактирование на месте недоступно &#10;Проект находится в другой команде: %1% &#10;%2%" />
	<label commandName="CIPParentNotSavable" devLabel="Cannot save until %1% is savable." translation="Невозможно сохранить, пока %1% не будет доступен для сохранения." />
	<label commandName="CIPParentNotSavableDefault" devLabel="Cannot save until parent is savable." translation="Невозможно сохранить, пока родительский элемент не будет доступен для сохранения." />
	<label commandName="CIPParentOldVersionDefault" devLabel="Cannot save until parent is updated." translation="Невозможно сохранить, пока родительский элемент не будет обновлен." />
	<label commandName="CIPParentOlderVersion" devLabel="Cannot save until %1% is updated." translation="Невозможно сохранить, пока %1% не будет обновлен." />
	<label commandName="CIPParentReserved" devLabel="Cannot save until %1% is no longer reserved by another project member." translation="Невозможно сохранить, пока другой участник проекта не перестанет резервировать %1%." />
	<label commandName="CIPParentReservedDefault" devLabel="Cannot save until parent is no longer reserved by another project member." translation="Невозможно сохранить, пока другой участник проекта не перестанет резервировать родительский элемент." />
	<label commandName="Cancel" devLabel="Cancel" translation="Отмена" />
	<label commandName="ChangesAreUnsavableTitle" devLabel="Changes will be unsavable" translation="Изменения не могут быть сохранены" />
	<label commandName="ChildNotHavingControlledProjectPermission" devLabel="Cannot consume changes to a child without edit permission." translation="Невозможно применить изменения к дочернему элементу без разрешения на редактирование." />
	<label commandName="ChildNotHavingPermission" devLabel="Cannot consume changes to a child with view-only permission." translation="Невозможно применить изменения к дочернему элементу с разрешением только на просмотр." />
	<label commandName="ChildReservedByOthers" devLabel="Cannot consume changes to children of reserved components." translation="Невозможно применить изменения к дочерним элементам зарезервированных компонентов." />
	<label commandName="CircularAngle" devLabel="Angle" translation="Угол" />
	<label commandName="CircularGirdAngleModel" devLabel="Partial" translation="Частичное" />
	<label commandName="CircularGirdFullModel" devLabel="Full" translation="Полное" />
	<label commandName="CircularGirdSymetricModel" devLabel="Symmetric" translation="Симметричное" />
	<label commandName="CircularGridEntryCount" devLabel="Quantity" translation="Количество" />
	<label commandName="CircularGridModel" devLabel="Distribution" translation="Распределение" />
	<label commandName="CircularSuppressionOccurence" devLabel="Suppression" translation="Подавление" />
	<label commandName="Close" devLabel="Close" translation="Закрыть" />
	<label commandName="ClosingDirtyDocuments" devLabel="One or more external components in the assembly have unsaved changes. Click Save to review and save modified designs." translation="Один или несколько внешних компонентов в сборке имеют несохраненные изменения. Нажмите 'Сохранить', чтобы просмотреть и сохранить измененные проекты." />
	<label commandName="CommandInnerStep" devLabel="%1% Inner Step" translation="%1% Внутренний шаг" />
	<label commandName="CommandPresetsFailedToLoad" devLabel="Failed to load command presets file %1%." translation="Не удалось загрузить файл предустановок команд %1%." />
	<label commandName="CommandPresetsFailedToSave" devLabel="Failed to save command presets file %1%." translation="Не удалось сохранить файл предустановок команд %1%." />
	<label commandName="CommandPresetsOptionsFailedToSave" devLabel="Failed to save command presets options JSON file %1%." translation="Не удалось сохранить JSON-файл параметров предустановок команд %1%." />
	<label commandName="CommercialLincense" devLabel=" (Commercial Subscription)" translation=" (Коммерческая подписка)" />
	<label commandName="ContextFolderTooltip" devLabel="Cached objects from a dissolved Assembly Context" translation="Кэшированные объекты из расформированного контекста сборки" />
	<label commandName="ContinueOp" devLabel="Continue" translation="Продолжить" />
	<label commandName="DMOptionsToolTip" devLabel="Direct Modeling Options" translation="Параметры прямого моделирования" />
	<label commandName="DMOptionsUserName" devLabel="DM Options" translation="Параметры ПМ" />
	<label commandName="DefaultSelectionInputText" devLabel="Select" translation="Выбрать" />
	<label commandName="DirectionType" devLabel="Direction" translation="Направление" />
	<label commandName="DistanceExtentDesc" devLabel="Specify the distance value for the full extent of the pattern along this axis." translation="Укажите значение расстояния для полного распространения массива вдоль этой оси." />
	<label commandName="DistanceSpacingDesc" devLabel="Specify the distance value between each pattern instance along this axis." translation="Укажите значение расстояния между каждым экземпляром массива вдоль этой оси." />
	<label commandName="DistanceType" devLabel="Distribution" translation="Распределение" />
	<label commandName="DistanceUInput" devLabel="Distance" translation="Расстояние" />
	<label commandName="DistanceVInput" devLabel="Distance" translation="Расстояние" />
	<label commandName="DocumentIsOutOfDate" devLabel="&lt;b&gt;Document is out-of-date&lt;/b&gt;" translation="&lt;b&gt;Документ устарел&lt;/b&gt;" />
	<label commandName="DocumentIsOutOfDateElectron" devLabel="%1% is out of date. Changes you make before updating won’t be saved. You can save these changes as a new document." translation="%1% устарел. Изменения, сделанные до обновления, не будут сохранены. Вы можете сохранить эти изменения как новый документ." />
	<label commandName="DocumentUnsavable" devLabel="&lt;b&gt;Changes may not be savable - %1% &lt;/b&gt;&lt;br&gt;&lt;/br&gt;&lt;br&gt;&lt;/br&gt;Project members are editing one or more parent components.&lt;br&gt;&lt;/br&gt;&lt;br&gt;&lt;/br&gt;Your changes will not propagate through the assembly and you will not be able to save %1% until project members are no longer editing parent components.&lt;br&gt;&lt;/br&gt;&lt;br&gt;&lt;/br&gt;Continue editing %1%?&lt;br&gt;&lt;/br&gt;&lt;br&gt;&lt;/br&gt;%2%Learn More" translation="&lt;b&gt;Изменения могут не сохраниться - %1% &lt;/b&gt;&lt;br&gt;&lt;/br&gt;&lt;br&gt;&lt;/br&gt;Участники проекта редактируют один или несколько родительских компонентов.&lt;br&gt;&lt;/br&gt;&lt;br&gt;&lt;/br&gt;Ваши изменения не будут распространяться по сборке, и вы не сможете сохранить %1%, пока участники проекта не перестанут редактировать родительские компоненты.&lt;br&gt;&lt;/br&gt;&lt;br&gt;&lt;/br&gt;Продолжить редактирование %1%?&lt;br&gt;&lt;/br&gt;&lt;br&gt;&lt;/br&gt;%2%Подробнее" />
	<label commandName="DocumentUnsavableCrossTeamDoc" devLabel="&lt;b&gt;Changes may not be savable - %1% &lt;/b&gt;&lt;br&gt;&lt;/br&gt;&lt;br&gt;&lt;/br&gt;Design is located in another team. You may not be able to save changes you make to this design.&lt;br&gt;&lt;/br&gt;&lt;br&gt;&lt;/br&gt;Continue editing %1%?&lt;br&gt;&lt;/br&gt;" translation="&lt;b&gt;Изменения могут не сохраниться - %1% &lt;/b&gt;&lt;br&gt;&lt;/br&gt;&lt;br&gt;&lt;/br&gt;Проект находится в другой команде. Возможно, вы не сможете сохранить изменения, вносимые в этот проект.&lt;br&gt;&lt;/br&gt;&lt;br&gt;&lt;/br&gt;Продолжить редактирование %1%?&lt;br&gt;&lt;/br&gt;" />
	<label commandName="DocumentUnsavableCrossTeamDwgDoc" devLabel="&lt;b&gt;Changes may not be savable - %1% &lt;/b&gt;&lt;br&gt;&lt;/br&gt;&lt;br&gt;&lt;/br&gt;Drawing is located in another team. You may not be able to save changes you make to this drawing.&lt;br&gt;&lt;/br&gt;&lt;br&gt;&lt;/br&gt;Continue editing %1%?&lt;br&gt;&lt;/br&gt;" translation="&lt;b&gt;Изменения могут не сохраниться - %1% &lt;/b&gt;&lt;br&gt;&lt;/br&gt;&lt;br&gt;&lt;/br&gt;Чертеж находится в другой команде. Возможно, вы не сможете сохранить изменения, вносимые в этот чертеж.&lt;br&gt;&lt;/br&gt;&lt;br&gt;&lt;/br&gt;Продолжить редактирование %1%?&lt;br&gt;&lt;/br&gt;" />
	<label commandName="DocumentUnsavableCrossTeamRefs" devLabel="&lt;b&gt;Changes may not be savable - %1% &lt;/b&gt;&lt;/b&gt;&lt;br&gt;&lt;/br&gt;&lt;br&gt;&lt;/br&gt;Design contains external references located in another team. You may not be able to save changes you make to this design or external references in the assembly.&lt;br&gt;&lt;/br&gt;&lt;br&gt;&lt;/br&gt;Continue editing %1%?&lt;br&gt;&lt;/br&gt;" translation="&lt;b&gt;Изменения могут не сохраниться - %1% &lt;/b&gt;&lt;/b&gt;&lt;br&gt;&lt;/br&gt;&lt;br&gt;&lt;/br&gt;Проект содержит внешние ссылки, находящиеся в другой команде. Возможно, вы не сможете сохранить изменения, вносимые в этот проект или внешние ссылки в сборке.&lt;br&gt;&lt;/br&gt;&lt;br&gt;&lt;/br&gt;Продолжить редактирование %1%?&lt;br&gt;&lt;/br&gt;" />
	<label commandName="DocumentUnsavableCrossTeamRefsDwg" devLabel="&lt;b&gt;Changes may not be savable - %1% &lt;/b&gt;&lt;/b&gt;&lt;br&gt;&lt;/br&gt;&lt;br&gt;&lt;/br&gt;Drawing references a design located in another team. You may not be able to save changes you make to this drawing.&lt;br&gt;&lt;/br&gt;&lt;br&gt;&lt;/br&gt;Continue editing %1%?&lt;br&gt;&lt;/br&gt;" translation="&lt;b&gt;Изменения могут не сохраниться - %1% &lt;/b&gt;&lt;/b&gt;&lt;br&gt;&lt;/br&gt;&lt;br&gt;&lt;/br&gt;Чертеж ссылается на проект, находящийся в другой команде. Возможно, вы не сможете сохранить изменения, вносимые в этот чертеж.&lt;br&gt;&lt;/br&gt;&lt;br&gt;&lt;/br&gt;Продолжить редактирование %1%?&lt;br&gt;&lt;/br&gt;" />
	<label commandName="DocumentUnsavableFFPReadOnlyCurrent" devLabel="You cannot save changes to a design with read-only permission. Contact the Project Administrator to request Editor access.&lt;br&gt;&lt;/br&gt;&lt;br&gt;&lt;/br&gt;Continue editing&lt;b&gt; %1%?&lt;/b&gt;&lt;br&gt;&lt;/br&gt;&lt;br&gt;&lt;/br&gt;%2%Learn More" translation="Вы не можете сохранить изменения в проекте с разрешением только на чтение. Свяжитесь с администратором проекта, чтобы запросить доступ редактора.&lt;br&gt;&lt;/br&gt;&lt;br&gt;&lt;/br&gt;Продолжить редактирование&lt;b&gt; %1%?&lt;/b&gt;&lt;br&gt;&lt;/br&gt;&lt;br&gt;&lt;/br&gt;%2%Подробнее" />
	<label commandName="DocumentUnsavableFFPReadOnlyDirtyChildForIntermediate" devLabel="&lt;b&gt;Changes may not be savable - %1% &lt;/b&gt;&lt;br&gt;&lt;/br&gt;&lt;br&gt;&lt;/br&gt;Cannot consume changes to a child with read-only permission. Contact the Project Administrator to request Editor access.&lt;br&gt;&lt;/br&gt;&lt;br&gt;&lt;/br&gt;Continue editing %1%?&lt;br&gt;&lt;/br&gt;&lt;br&gt;&lt;/br&gt;%2%Learn More" translation="&lt;b&gt;Изменения могут не сохраниться - %1% &lt;/b&gt;&lt;br&gt;&lt;/br&gt;&lt;br&gt;&lt;/br&gt;Невозможно применить изменения к дочернему элементу с разрешением только на чтение. Свяжитесь с администратором проекта, чтобы запросить доступ редактора.&lt;br&gt;&lt;/br&gt;&lt;br&gt;&lt;/br&gt;Продолжить редактирование %1%?&lt;br&gt;&lt;/br&gt;&lt;br&gt;&lt;/br&gt;%2%Подробнее" />
	<label commandName="DocumentUnsavableFFPReadOnlyTop" devLabel="You cannot save changes to a assembly with read-only permission. Contact the Project Administrator to request Editor access.&lt;br&gt;&lt;/br&gt;&lt;br&gt;&lt;/br&gt;Continue editing&lt;b&gt; %1%?&lt;/b&gt;&lt;br&gt;&lt;/br&gt;&lt;br&gt;&lt;/br&gt;%2%Learn More" translation="Вы не можете сохранить изменения в сборке с разрешением только на чтение. Свяжитесь с администратором проекта, чтобы запросить доступ редактора.&lt;br&gt;&lt;/br&gt;&lt;br&gt;&lt;/br&gt;Продолжить редактирование&lt;b&gt; %1%?&lt;/b&gt;&lt;br&gt;&lt;/br&gt;&lt;br&gt;&lt;/br&gt;%2%Подробнее" />
	<label commandName="DocumentUnsavableGALChildDRS" devLabel="&lt;b&gt;Changes may not be savable - %1% &lt;/b&gt;&lt;br&gt;&lt;/br&gt;&lt;br&gt;&lt;/br&gt; %2% is temporarily read-only for you in the separate tab.&lt;br&gt;&lt;/br&gt;&lt;br&gt;&lt;/br&gt;After Get All Latest, you cannot save your changes to the %1% until you make %2% savable again.&lt;br&gt;&lt;/br&gt;&lt;br&gt;&lt;/br&gt;Continue to Get All Latest?&lt;br&gt;&lt;/br&gt;&lt;br&gt;&lt;/br&gt;%3%Learn More" translation="&lt;b&gt;Изменения могут не сохраниться - %1% &lt;/b&gt;&lt;br&gt;&lt;/br&gt;&lt;br&gt;&lt;/br&gt; %2% временно доступен только для чтения для вас на отдельной вкладке.&lt;br&gt;&lt;/br&gt;&lt;br&gt;&lt;/br&gt;После 'Получить все последние' вы не сможете сохранить свои изменения в %1%, пока снова не сделаете %2% доступным для сохранения.&lt;br&gt;&lt;/br&gt;&lt;br&gt;&lt;/br&gt;Продолжить 'Получить все последние'?&lt;br&gt;&lt;/br&gt;&lt;br&gt;&lt;/br&gt;%3%Подробнее" />
	<label commandName="DocumentUnsavableGALChildReadOnly" devLabel="&lt;b&gt;Changes may not be savable - %1% &lt;/b&gt;&lt;br&gt;&lt;/br&gt;&lt;br&gt;&lt;/br&gt; %1% contains one or more components with read-only permission.&lt;br&gt;&lt;/br&gt;&lt;br&gt;&lt;/br&gt;After Get All Latest, changes will not propagate through the assembly and you will not be able to save %1%.&lt;br&gt;&lt;/br&gt;&lt;br&gt;&lt;/br&gt;Continue to Get All Latest?&lt;br&gt;&lt;/br&gt;&lt;br&gt;&lt;/br&gt;%2%Learn More" translation="&lt;b&gt;Изменения могут не сохраниться - %1% &lt;/b&gt;&lt;br&gt;&lt;/br&gt;&lt;br&gt;&lt;/br&gt; %1% содержит один или несколько компонентов с разрешением только на чтение.&lt;br&gt;&lt;/br&gt;&lt;br&gt;&lt;/br&gt;После 'Получить все последние' изменения не будут распространяться по сборке, и вы не сможете сохранить %1%.&lt;br&gt;&lt;/br&gt;&lt;br&gt;&lt;/br&gt;Продолжить 'Получить все последние'?&lt;br&gt;&lt;/br&gt;&lt;br&gt;&lt;/br&gt;%2%Подробнее" />
	<label commandName="DocumentUnsavableGALCrossTeamDoc" devLabel="&lt;b&gt;Changes may not be savable - %1% &lt;/b&gt;&lt;br&gt;&lt;/br&gt;&lt;br&gt;&lt;/br&gt;One or more components are from another team hub.&lt;br&gt;&lt;/br&gt;&lt;br&gt;&lt;/br&gt;After Get All Latest, changes will not propagate through the assembly and you will not be able to save %1%.&lt;br&gt;&lt;/br&gt;&lt;br&gt;&lt;/br&gt;Continue to Get All Latest?&lt;br&gt;&lt;/br&gt;" translation="&lt;b&gt;Изменения могут не сохраниться - %1% &lt;/b&gt;&lt;br&gt;&lt;/br&gt;&lt;br&gt;&lt;/br&gt;Один или несколько компонентов из другого командного хаба.&lt;br&gt;&lt;/br&gt;&lt;br&gt;&lt;/br&gt;После 'Получить все последние' изменения не будут распространяться по сборке, и вы не сможете сохранить %1%.&lt;br&gt;&lt;/br&gt;&lt;br&gt;&lt;/br&gt;Продолжить 'Получить все последние'?&lt;br&gt;&lt;/br&gt;" />
	<label commandName="DocumentUnsavableGALCrossTeamRefs" devLabel="&lt;b&gt;Changes may not be savable - %1% &lt;/b&gt;&lt;br&gt;&lt;/br&gt;&lt;br&gt;&lt;/br&gt; %1% contains one or more components that are from another team hub.&lt;br&gt;&lt;/br&gt;&lt;br&gt;&lt;/br&gt;After Get All Latest, changes will not propagate through the assembly and you will not be able to save %1%.&lt;br&gt;&lt;/br&gt;&lt;br&gt;&lt;/br&gt;Continue to Get All Latest?&lt;br&gt;&lt;/br&gt;" translation="&lt;b&gt;Изменения могут не сохраниться - %1% &lt;/b&gt;&lt;br&gt;&lt;/br&gt;&lt;br&gt;&lt;/br&gt; %1% содержит один или несколько компонентов из другого командного хаба.&lt;br&gt;&lt;/br&gt;&lt;br&gt;&lt;/br&gt;После 'Получить все последние' изменения не будут распространяться по сборке, и вы не сможете сохранить %1%.&lt;br&gt;&lt;/br&gt;&lt;br&gt;&lt;/br&gt;Продолжить 'Получить все последние'?&lt;br&gt;&lt;/br&gt;" />
	<label commandName="DocumentUnsavableGALMultipleChildDRS" devLabel="&lt;b&gt;Changes may not be savable - %1% &lt;/b&gt;&lt;br&gt;&lt;/br&gt;&lt;br&gt;&lt;/br&gt; Multiple child designs are temporarily read-only for you in the separate tabs.&lt;br&gt;&lt;/br&gt;&lt;br&gt;&lt;/br&gt;After Get All Latest, you cannot save your changes to the %1% until you make those designs savable again.&lt;br&gt;&lt;/br&gt;&lt;br&gt;&lt;/br&gt;Continue to Get All Latest?&lt;br&gt;&lt;/br&gt;&lt;br&gt;&lt;/br&gt;%2%Learn More" translation="&lt;b&gt;Изменения могут не сохраниться - %1% &lt;/b&gt;&lt;br&gt;&lt;/br&gt;&lt;br&gt;&lt;/br&gt; Несколько дочерних проектов временно доступны только для чтения для вас на отдельных вкладках.&lt;br&gt;&lt;/br&gt;&lt;br&gt;&lt;/br&gt;После 'Получить все последние' вы не сможете сохранить свои изменения в %1%, пока снова не сделаете эти проекты доступными для сохранения.&lt;br&gt;&lt;/br&gt;&lt;br&gt;&lt;/br&gt;Продолжить 'Получить все последние'?&lt;br&gt;&lt;/br&gt;&lt;br&gt;&lt;/br&gt;%2%Подробнее" />
	<label commandName="DocumentUnsavableGALReserved" devLabel="&lt;b&gt;Changes may not be savable - %1% &lt;/b&gt;&lt;br&gt;&lt;/br&gt;&lt;br&gt;&lt;/br&gt;Project members are editing one or more parent components.&lt;br&gt;&lt;/br&gt;&lt;br&gt;&lt;/br&gt;After Get All Latest, changes will not propagate through the assembly and you will not be able to save %1% until project members are no longer editing parent components.&lt;br&gt;&lt;/br&gt;&lt;br&gt;&lt;/br&gt;Continue to Get All Latest?&lt;br&gt;&lt;/br&gt;&lt;br&gt;&lt;/br&gt;%2%Learn More" translation="&lt;b&gt;Изменения могут не сохраниться - %1% &lt;/b&gt;&lt;br&gt;&lt;/br&gt;&lt;br&gt;&lt;/br&gt;Участники проекта редактируют один или несколько родительских компонентов.&lt;br&gt;&lt;/br&gt;&lt;br&gt;&lt;/br&gt;После 'Получить все последние' изменения не будут распространяться по сборке, и вы не сможете сохранить %1%, пока участники проекта не перестанут редактировать родительские компоненты.&lt;br&gt;&lt;/br&gt;&lt;br&gt;&lt;/br&gt;Продолжить 'Получить все последние'?&lt;br&gt;&lt;/br&gt;&lt;br&gt;&lt;/br&gt;%2%Подробнее" />
	<label commandName="DocumentUnsavableOOD" devLabel="&lt;b&gt;Changes may not be savable - %1% &lt;/b&gt;&lt;br&gt;&lt;/br&gt;&lt;br&gt;&lt;/br&gt;Newer version available.&lt;br&gt;&lt;/br&gt;&lt;br&gt;&lt;/br&gt;You will not be able to save %1% until it is updated. You can use Save As Latest to forcefully save it without updating it first, but it is recommended to update first instead.&lt;br&gt;&lt;/br&gt;&lt;br&gt;&lt;/br&gt;Continue editing %1%?&lt;br&gt;&lt;/br&gt;&lt;br&gt;&lt;/br&gt;%2%Learn More" translation="&lt;b&gt;Изменения могут не сохраниться - %1% &lt;/b&gt;&lt;br&gt;&lt;/br&gt;&lt;br&gt;&lt;/br&gt;Доступна более новая версия.&lt;br&gt;&lt;/br&gt;&lt;br&gt;&lt;/br&gt;Вы не сможете сохранить %1%, пока он не будет обновлен. Вы можете использовать 'Сохранить как последнюю версию', чтобы принудительно сохранить его без предварительного обновления, но рекомендуется сначала обновить.&lt;br&gt;&lt;/br&gt;&lt;br&gt;&lt;/br&gt;Продолжить редактирование %1%?&lt;br&gt;&lt;/br&gt;&lt;br&gt;&lt;/br&gt;%2%Подробнее" />
	<label commandName="DocumentUnsavableOODChild" devLabel="One or more components you edited were also modified externally, and are out of date.&lt;br&gt;&lt;/br&gt;&lt;br&gt;&lt;/br&gt;You will not be able to save &lt;b&gt;%1%&lt;/b&gt; until those components are updated or &lt;b&gt;Saved As Latest&lt;/b&gt;.&lt;br&gt;&lt;/br&gt;&lt;br&gt;&lt;/br&gt;Continue editing &lt;b&gt;%1%&lt;/b&gt;?&lt;br&gt;&lt;/br&gt;&lt;br&gt;&lt;/br&gt;%2%Learn More" translation="Один или несколько компонентов, которые вы редактировали, также были изменены внешне и устарели.&lt;br&gt;&lt;/br&gt;&lt;br&gt;&lt;/br&gt;Вы не сможете сохранить &lt;b&gt;%1%&lt;/b&gt;, пока эти компоненты не будут обновлены или &lt;b&gt;сохранены как последняя версия&lt;/b&gt;.&lt;br&gt;&lt;/br&gt;&lt;br&gt;&lt;/br&gt;Продолжить редактирование &lt;b&gt;%1%&lt;/b&gt;?&lt;br&gt;&lt;/br&gt;&lt;br&gt;&lt;/br&gt;%2%Подробнее" />
	<label commandName="DocumentUnsavableOODChildTitle" devLabel="Changes may not be unsavable" translation="Изменения могут не сохраниться" />
	<label commandName="DocumentUnsavableReadOnly" devLabel="You cannot save changes to a design with view-only permission.  Contact the Project Administrator to request Editor access.&lt;br&gt;&lt;/br&gt;&lt;br&gt;&lt;/br&gt;Continue editing&lt;b&gt; %1%?&lt;/b&gt;&lt;br&gt;&lt;/br&gt;&lt;br&gt;&lt;/br&gt;%2%Learn More" translation="Вы не можете сохранить изменения в проекте с разрешением только на просмотр. Свяжитесь с администратором проекта, чтобы запросить доступ редактора.&lt;br&gt;&lt;/br&gt;&lt;br&gt;&lt;/br&gt;Продолжить редактирование&lt;b&gt; %1%?&lt;/b&gt;&lt;br&gt;&lt;/br&gt;&lt;br&gt;&lt;/br&gt;%2%Подробнее" />
	<label commandName="DocumentUnsavableReadOnlyChild" devLabel="&lt;b&gt;Changes may not be savable - %1% &lt;/b&gt;&lt;br&gt;&lt;/br&gt;&lt;br&gt;&lt;/br&gt;Cannot consume changes to a child with view-only permission.&lt;br&gt;&lt;/br&gt;&lt;br&gt;&lt;/br&gt;Continue editing %1%?&lt;br&gt;&lt;/br&gt;&lt;br&gt;&lt;/br&gt;%2%Learn More" translation="&lt;b&gt;Изменения могут не сохраниться - %1% &lt;/b&gt;&lt;br&gt;&lt;/br&gt;&lt;br&gt;&lt;/br&gt;Невозможно применить изменения к дочернему элементу с разрешением только на просмотр.&lt;br&gt;&lt;/br&gt;&lt;br&gt;&lt;/br&gt;Продолжить редактирование %1%?&lt;br&gt;&lt;/br&gt;&lt;br&gt;&lt;/br&gt;%2%Подробнее" />
	<label commandName="DocumentUnsavableReadOnlyCurrent" devLabel="This component is temporarily read-only for you in a separate tab. You cannot save any changes you make during Edit In Place until you make the design savable again.&lt;br&gt;&lt;/br&gt;&lt;br&gt;&lt;/br&gt;Continue editing %1%?&lt;br&gt;&lt;/br&gt;&lt;br&gt;&lt;/br&gt;%2%Learn More" translation="Этот компонент временно доступен только для чтения для вас на отдельной вкладке. Вы не можете сохранить никакие изменения, сделанные во время редактирования на месте, пока снова не сделаете проект доступным для сохранения.&lt;br&gt;&lt;/br&gt;&lt;br&gt;&lt;/br&gt;Продолжить редактирование %1%?&lt;br&gt;&lt;/br&gt;&lt;br&gt;&lt;/br&gt;%2%Подробнее" />
	<label commandName="DocumentUnsavableReadOnlyDirtyChildForIntermediate" devLabel="Child component %1% is temporarily read-only for you in a separate tab. You cannot save any changes you make during Edit In Place until you make that design savable again.&lt;br&gt;&lt;/br&gt;&lt;br&gt;&lt;/br&gt;Continue editing  %2%?&lt;br&gt;&lt;/br&gt;&lt;br&gt;&lt;/br&gt;%3%Learn More" translation="Дочерний компонент %1% временно доступен только для чтения для вас на отдельной вкладке. Вы не можете сохранить никакие изменения, сделанные во время редактирования на месте, пока снова не сделаете этот проект доступным для сохранения.&lt;br&gt;&lt;/br&gt;&lt;br&gt;&lt;/br&gt;Продолжить редактирование %2%?&lt;br&gt;&lt;/br&gt;&lt;br&gt;&lt;/br&gt;%3%Подробнее" />
	<label commandName="DocumentUnsavableReadOnlyDirtyChildFotTop" devLabel="Child component %1% is temporarily read-only for you in a separate tab. You cannot save any changes you make until you make that design savable again.&lt;br&gt;&lt;/br&gt;&lt;br&gt;&lt;/br&gt;Continue editing  %2%?&lt;br&gt;&lt;/br&gt;&lt;br&gt;&lt;/br&gt;%3%Learn More" translation="Дочерний компонент %1% временно доступен только для чтения для вас на отдельной вкладке. Вы не можете сохранить никакие изменения, пока снова не сделаете этот проект доступным для сохранения.&lt;br&gt;&lt;/br&gt;&lt;br&gt;&lt;/br&gt;Продолжить редактирование %2%?&lt;br&gt;&lt;/br&gt;&lt;br&gt;&lt;/br&gt;%3%Подробнее" />
	<label commandName="DocumentUnsavableReadOnlyDirtyChildrenForInermediate" devLabel="Multiple child components are temporarily read-only for you in separate tabs. You cannot save any changes you make during Edit In Place until you make those designs savable again.&lt;br&gt;&lt;/br&gt;&lt;br&gt;&lt;/br&gt;Continue editing  %1%?&lt;br&gt;&lt;/br&gt;&lt;br&gt;&lt;/br&gt;%2%Learn More" translation="Несколько дочерних компонентов временно доступны только для чтения для вас на отдельных вкладках. Вы не можете сохранить никакие изменения, сделанные во время редактирования на месте, пока снова не сделаете эти проекты доступными для сохранения.&lt;br&gt;&lt;/br&gt;&lt;br&gt;&lt;/br&gt;Продолжить редактирование %1%?&lt;br&gt;&lt;/br&gt;&lt;br&gt;&lt;/br&gt;%2%Подробнее" />
	<label commandName="DocumentUnsavableReadOnlyDirtyChildrenForTop" devLabel="Multiple child components are temporarily read-only for you in separate tabs. You cannot save any changes you make until you make those designs savable again.&lt;br&gt;&lt;/br&gt;&lt;br&gt;&lt;/br&gt;Continue editing  %1%?&lt;br&gt;&lt;/br&gt;&lt;br&gt;&lt;/br&gt;%2%Learn More" translation="Несколько дочерних компонентов временно доступны только для чтения для вас на отдельных вкладках. Вы не можете сохранить никакие изменения, пока снова не сделаете эти проекты доступными для сохранения.&lt;br&gt;&lt;/br&gt;&lt;br&gt;&lt;/br&gt;Продолжить редактирование %1%?&lt;br&gt;&lt;/br&gt;&lt;br&gt;&lt;/br&gt;%2%Подробнее" />
	<label commandName="DocumentUnsavableReadOnlyTop" devLabel="The assembly and all its external components are temporarily read-only for you. If you make any changes, you won’t be able to save them until you make the design savable again.&lt;br&gt;&lt;/br&gt;&lt;br&gt;&lt;/br&gt;Continue editing &lt;b&gt;%1%&lt;/b&gt;?&lt;br&gt;&lt;/br&gt;&lt;br&gt;&lt;/br&gt;%2%Learn More" translation="Сборка и все ее внешние компоненты временно доступны только для чтения для вас. Если вы внесете какие-либо изменения, вы не сможете их сохранить, пока снова не сделаете проект доступным для сохранения.&lt;br&gt;&lt;/br&gt;&lt;br&gt;&lt;/br&gt;Продолжить редактирование &lt;b&gt;%1%&lt;/b&gt;?&lt;br&gt;&lt;/br&gt;&lt;br&gt;&lt;/br&gt;%2%Подробнее" />
	<label commandName="DocumentUnsavableUnknown" devLabel="&lt;b&gt;Changes may not be savable - %1% &lt;/b&gt;&lt;br&gt;&lt;/br&gt;&lt;br&gt;&lt;/br&gt;Continue editing %1%?&lt;br&gt;&lt;/br&gt;&lt;br&gt;&lt;/br&gt;%2%Learn More" translation="&lt;b&gt;Изменения могут не сохраниться - %1% &lt;/b&gt;&lt;br&gt;&lt;/br&gt;&lt;br&gt;&lt;/br&gt;Продолжить редактирование %1%?&lt;br&gt;&lt;/br&gt;&lt;br&gt;&lt;/br&gt;%2%Подробнее" />
	<label commandName="DocumentUnsavableUnknownGAL" devLabel="&lt;b&gt;Changes may not be savable - %1% &lt;/b&gt;&lt;br&gt;&lt;/br&gt;&lt;br&gt;&lt;/br&gt;Continue to Get All Latest?&lt;br&gt;&lt;/br&gt;&lt;br&gt;&lt;/br&gt;%2%Learn More" translation="&lt;b&gt;Изменения могут не сохраниться - %1% &lt;/b&gt;&lt;br&gt;&lt;/br&gt;&lt;br&gt;&lt;/br&gt;Продолжить 'Получить все последние'?&lt;br&gt;&lt;/br&gt;&lt;br&gt;&lt;/br&gt;%2%Подробнее" />
	<label commandName="DocumentUnsavableUnknownGALDRS" devLabel="&lt;b&gt;Changes may not be savable - %1% &lt;/b&gt;&lt;br&gt;&lt;/br&gt;&lt;br&gt;&lt;/br&gt; %1% is temporarily read-only for you.&lt;br&gt;&lt;/br&gt;&lt;br&gt;&lt;/br&gt;After Get All Latest, you cannot save your changes to the design until you make %1% savable again.&lt;br&gt;&lt;/br&gt;&lt;br&gt;&lt;/br&gt;Continue to Get All Latest?&lt;br&gt;&lt;/br&gt;&lt;br&gt;&lt;/br&gt;%2%Learn More" translation="&lt;b&gt;Изменения могут не сохраниться - %1% &lt;/b&gt;&lt;br&gt;&lt;/br&gt;&lt;br&gt;&lt;/br&gt; %1% временно доступен только для чтения для вас.&lt;br&gt;&lt;/br&gt;&lt;br&gt;&lt;/br&gt;После 'Получить все последние' вы не сможете сохранить свои изменения в проекте, пока снова не сделаете %1% доступным для сохранения.&lt;br&gt;&lt;/br&gt;&lt;br&gt;&lt;/br&gt;Продолжить 'Получить все последние'?&lt;br&gt;&lt;/br&gt;&lt;br&gt;&lt;/br&gt;%2%Подробнее" />
	<label commandName="DynamicControlID" devLabel="DynamicControlID" translation="DynamicControlID" />
	<label commandName="EIPCtxActivationError1" devLabel="%1% is editing this design. &#10;Edit In Place is currently unavailable and you cannot edit assembly contexts." translation="%1% редактирует этот проект. &#10;Редактирование на месте сейчас недоступно, и вы не можете редактировать контексты сборки." />
	<label commandName="EIPCtxActivationError2" devLabel="You cannot edit assembly contexts in %1% &#10; because %2% is editing %3%, &#10; and associative changes cannot propagate through the assembly." translation="Вы не можете редактировать контексты сборки в %1% &#10; потому что %2% редактирует %3%, &#10; и ассоциативные изменения не могут распространяться по сборке." />
	<label commandName="EIPCtxActivationError3" devLabel="You cannot edit assembly contexts in %1% right now &#10; because project members are editing its parent or child components, &#10; and associative changes cannot propagate through the assembly." translation="Вы не можете редактировать контексты сборки в %1% прямо сейчас &#10; потому что участники проекта редактируют его родительские или дочерние компоненты, &#10; и ассоциативные изменения не могут распространяться по сборке." />
	<label commandName="EIPCtxActivationError4" devLabel="You cannot edit assembly contexts in %1% right now &#10; because one or more components are out of date,&#10; and associative changes cannot propagate through the assembly." translation="Вы не можете редактировать контексты сборки в %1% прямо сейчас &#10; потому что один или несколько компонентов устарели,&#10; и ассоциативные изменения не могут распространяться по сборке." />
	<label commandName="EIPCtxActivationError5" devLabel="You cannot edit assembly contexts in %1% right now &#10; because one or more components belong to different team hubs,&#10; and associative changes cannot propagate through the assembly." translation="Вы не можете редактировать контексты сборки в %1% прямо сейчас &#10; потому что один или несколько компонентов принадлежат разным командным хабам,&#10; и ассоциативные изменения не могут распространяться по сборке." />
	<label commandName="EIPCtxActivationError6" devLabel="You cannot edit assembly contexts in %1% right now &#10; because assembly %2% is temporary read only for you,&#10; and associative changes cannot propagate through the assembly." translation="Вы не можете редактировать контексты сборки в %1% прямо сейчас &#10; потому что сборка %2% временно доступна только для чтения для вас,&#10; и ассоциативные изменения не могут распространяться по сборке." />
	<label commandName="EIPCtxActivationError6FFP" devLabel="You cannot edit assembly contexts in %1% right now &#10; because assembly %2% is read only for you,&#10; and associative changes cannot propagate through the assembly." translation="Вы не можете редактировать контексты сборки в %1% прямо сейчас &#10; потому что сборка %2% доступна только для чтения для вас,&#10; и ассоциативные изменения не могут распространяться по сборке." />
	<label commandName="EIPCtxActivationError7" devLabel="You cannot edit assembly contexts in %1% right now &#10; because %2% is temporary read only for you in separate tab,&#10; and associative changes cannot propagate through the assembly." translation="Вы не можете редактировать контексты сборки в %1% прямо сейчас &#10; потому что %2% временно доступен только для чтения для вас на отдельной вкладке,&#10; и ассоциативные изменения не могут распространяться по сборке." />
	<label commandName="EIPCtxActivationError7FFP" devLabel="You cannot edit assembly contexts in %1% right now &#10; because you have read-only permission to %2%,&#10; and associative changes cannot propagate through the assembly." translation="Вы не можете редактировать контексты сборки в %1% прямо сейчас &#10; потому что у вас есть разрешение только на чтение для %2%,&#10; и ассоциативные изменения не могут распространяться по сборке." />
	<label commandName="EIPCtxActivationError8" devLabel="You cannot edit assembly contexts in %1% right now &#10; because multiple components are temporary read only for you in separate tabs, &#10; and associative changes cannot propagate through the assembly." translation="Вы не можете редактировать контексты сборки в %1% прямо сейчас &#10; потому что несколько компонентов временно доступны только для чтения для вас на отдельных вкладках, &#10; и ассоциативные изменения не могут распространяться по сборке." />
	<label commandName="EIPCtxActivationError8FFP" devLabel="You cannot edit assembly contexts in %1% right now &#10; because you have read-only permission to one or more components,&#10; and associative changes cannot propagate through the assembly." translation="Вы не можете редактировать контексты сборки в %1% прямо сейчас &#10; потому что у вас есть разрешение только на чтение для одного или нескольких компонентов,&#10; и ассоциативные изменения не могут распространяться по сборке." />
	<label commandName="EIPCtxActivationError9" devLabel="You cannot edit assembly contexts in %1% right now  &#10; because you have view-only permission to one or more components,&#10; and associative changes cannot propagate through the assembly." translation="Вы не можете редактировать контексты сборки в %1% прямо сейчас  &#10; потому что у вас есть разрешение только на просмотр для одного или нескольких компонентов,&#10; и ассоциативные изменения не могут распространяться по сборке." />
	<label commandName="EIPForceSaveWarning1" devLabel="Project members are editing parent components of &lt;b&gt;%2%&lt;/b&gt;. &lt;br&gt;&lt;br&gt;You must save your changes to &lt;b&gt;%1%&lt;/b&gt; before you can continue to &lt;b&gt;Edit In Place&lt;/b&gt; for &lt;b&gt;%2%&lt;/b&gt;. &lt;br&gt;&lt;br&gt;After &lt;b&gt;Edit In Place&lt;/b&gt;, changes to &lt;b&gt;%2%&lt;/b&gt; will not propagate through the assembly and you will not be able to save &lt;b&gt;%1%&lt;/b&gt; again until project members are no longer editing parent components. &lt;br&gt;&lt;br&gt;Save &lt;b&gt;%1%&lt;/b&gt; now, then continue to &lt;b&gt;Edit In Place&lt;/b&gt; for &lt;b&gt;%2%&lt;/b&gt;?&lt;br&gt;&lt;br&gt; %3%Learn More &lt;br&gt;" translation="Участники проекта редактируют родительские компоненты &lt;b&gt;%2%&lt;/b&gt;. &lt;br&gt;&lt;br&gt;Вы должны сохранить свои изменения в &lt;b&gt;%1%&lt;/b&gt;, прежде чем сможете перейти к &lt;b&gt;Редактированию на месте&lt;/b&gt; для &lt;b&gt;%2%&lt;/b&gt;. &lt;br&gt;&lt;br&gt;После &lt;b&gt;Редактирования на месте&lt;/b&gt; изменения в &lt;b&gt;%2%&lt;/b&gt; не будут распространяться по сборке, и вы не сможете снова сохранить &lt;b&gt;%1%&lt;/b&gt;, пока участники проекта не перестанут редактировать родительские компоненты. &lt;br&gt;&lt;br&gt;Сохранить &lt;b&gt;%1%&lt;/b&gt; сейчас, затем перейти к &lt;b&gt;Редактированию на месте&lt;/b&gt; для &lt;b&gt;%2%&lt;/b&gt;?&lt;br&gt;&lt;br&gt; %3%Подробнее &lt;br&gt;" />
	<label commandName="EIPForceSaveWarning2" devLabel="&lt;b&gt;Save required - multiple designs&lt;/b&gt; &lt;br&gt;&lt;br&gt;Project members are editing parent components of %1%. &lt;br&gt;&lt;br&gt;You must save your changes to the following designs before you can continue to Edit In Place for %1%: &lt;br&gt;&lt;br&gt;%2% &lt;br&gt;After Edit In Place, changes to %1% will not propagate through the assembly and you will not be able to save these designs again until project members are no longer editing parent components. &lt;br&gt;&lt;br&gt;Save designs now, then continue to Edit In Place for %1%?&lt;br&gt;&lt;br&gt; %3%Learn More &lt;br&gt;" translation="&lt;b&gt;Требуется сохранение - несколько проектов&lt;/b&gt; &lt;br&gt;&lt;br&gt;Участники проекта редактируют родительские компоненты %1%. &lt;br&gt;&lt;br&gt;Вы должны сохранить свои изменения в следующих проектах, прежде чем сможете перейти к Редактированию на месте для %1%: &lt;br&gt;&lt;br&gt;%2% &lt;br&gt;После Редактирования на месте изменения в %1% не будут распространяться по сборке, и вы не сможете снова сохранить эти проекты, пока участники проекта не перестанут редактировать родительские компоненты. &lt;br&gt;&lt;br&gt;Сохранить проекты сейчас, затем перейти к Редактированию на месте для %1%?&lt;br&gt;&lt;br&gt; %3%Подробнее &lt;br&gt;" />
	<label commandName="EIPForceSaveWarning3" devLabel="&lt;b&gt;%1%&lt;/b&gt; is currently read-only in another tab, and &lt;b&gt;%2%&lt;/b&gt;  has unsaved changes.&lt;br&gt; You must save &lt;b&gt;%2%&lt;/b&gt; before continuing &lt;b&gt;Edit In Place.&lt;/b&gt;&lt;br&gt;&lt;br&gt;Save &lt;b&gt; %2% &lt;/b&gt;and continue?&lt;br&gt;&lt;/br&gt; &lt;br&gt; %3%Learn More&lt;/a&gt;" translation="&lt;b&gt;%1%&lt;/b&gt; в настоящее время доступен только для чтения на другой вкладке, а &lt;b&gt;%2%&lt;/b&gt; имеет несохраненные изменения.&lt;br&gt; Вы должны сохранить &lt;b&gt;%2%&lt;/b&gt; перед продолжением &lt;b&gt;Редактирования на месте.&lt;/b&gt;&lt;br&gt;&lt;br&gt;Сохранить &lt;b&gt; %2% &lt;/b&gt; и продолжить?&lt;br&gt;&lt;/br&gt; &lt;br&gt; %3%Подробнее&lt;/a&gt;" />
	<label commandName="EIPForceSaveWarning4" devLabel="Multiple child designs are temporarily read-only for you in separate tabs, and &lt;b&gt;%1%&lt;/b&gt; has unsaved changes. You must save &lt;b&gt;%1%&lt;/b&gt; before continuing Edit In Place.&lt;br&gt;&lt;br&gt;&lt;b&gt;Save %1%&lt;/b&gt; and continue, or &lt;b&gt;Cancel&lt;/b&gt;?&lt;br&gt;&lt;/br&gt; &lt;br&gt; %2%Learn More&lt;/a&gt;" translation="Несколько дочерних проектов временно доступны только для чтения для вас на отдельных вкладках, а &lt;b&gt;%1%&lt;/b&gt; имеет несохраненные изменения. Вы должны сохранить &lt;b&gt;%1%&lt;/b&gt; перед продолжением Редактирования на месте.&lt;br&gt;&lt;br&gt;&lt;b&gt;Сохранить %1%&lt;/b&gt; и продолжить или &lt;b&gt;Отменить&lt;/b&gt;?&lt;br&gt;&lt;/br&gt; &lt;br&gt; %2%Подробнее&lt;/a&gt;" />
	<label commandName="EIPForceSaveWarning5" devLabel="Multiple child designs are temporarily read-only for you in separate tabs.&lt;br&gt; You have unsaved changes to following designs and you must save these designs before you can continue to Edit In Place: &lt;br&gt;&lt;b&gt;%1% &lt;/b&gt;&lt;b&gt;&lt;br&gt;Save these designs &lt;/b&gt; and continue, or &lt;b&gt;Cancel&lt;/b&gt;?&lt;br&gt;&lt;br&gt; %2%Learn More&lt;/a&gt;" translation="Несколько дочерних проектов временно доступны только для чтения для вас на отдельных вкладках.&lt;br&gt; У вас есть несохраненные изменения в следующих проектах, и вы должны сохранить эти проекты, прежде чем сможете перейти к Редактированию на месте: &lt;br&gt;&lt;b&gt;%1% &lt;/b&gt;&lt;b&gt;&lt;br&gt;Сохранить эти проекты &lt;/b&gt; и продолжить или &lt;b&gt;Отменить&lt;/b&gt;?&lt;br&gt;&lt;br&gt; %2%Подробнее&lt;/a&gt;" />
	<label commandName="EIPForceSaveWarning6" devLabel="&lt;b&gt;%1%&lt;/b&gt; is currently read-only for you in separate tab.&lt;br&gt;You have unsaved changes to following designs and you must save these designs before you can continue to Edit In Place: &lt;br&gt;&lt;b&gt;%2%&lt;/b&gt; &lt;br&gt;&lt;b&gt;Save these designs &lt;/b&gt;and continue, or &lt;b&gt;Cancel&lt;/b&gt;?&lt;br&gt;&lt;br&gt; %3%Learn More&lt;/a&gt;" translation="&lt;b&gt;%1%&lt;/b&gt; в настоящее время доступен только для чтения для вас на отдельной вкладке.&lt;br&gt;У вас есть несохраненные изменения в следующих проектах, и вы должны сохранить эти проекты, прежде чем сможете перейти к Редактированию на месте: &lt;br&gt;&lt;b&gt;%2%&lt;/b&gt; &lt;br&gt;&lt;b&gt;Сохранить эти проекты &lt;/b&gt; и продолжить или &lt;b&gt;Отменить&lt;/b&gt;?&lt;br&gt;&lt;br&gt; %3%Подробнее&lt;/a&gt;" />
	<label commandName="EOTCommercialLicense" devLabel="Commercial" translation="Коммерческая" />
	<label commandName="EOTDayLeft" devLabel=" (Expiring in 1 day)" translation=" (Истекает через 1 день)" />
	<label commandName="EOTDaysLeftSimple" devLabel=" (Expiring in %1% days)" translation=" (Истекает через %1% дней)" />
	<label commandName="EOTDaysLeftUserType" devLabel=" (%1% license expires in %2% days)" translation=" (Лицензия %1% истекает через %2% дней)" />
	<label commandName="EOTExpiringToday" devLabel=" (Expiring today)" translation=" (Истекает сегодня)" />
	<label commandName="EOTPersonalDayLeft" devLabel=" (%1% license expires in 1 day)" translation=" (Лицензия %1% истекает через 1 день)" />
	<label commandName="EOTPersonalExpiringToday" devLabel=" (%1% license expires today)" translation=" (Лицензия %1% истекает сегодня)" />
	<label commandName="EOTPersonalLicense" devLabel="Personal" translation="Персональная" />
	<label commandName="EOTStartupLicense" devLabel="Startup" translation="Стартап" />
	<label commandName="EOTStudentLicense" devLabel="Student" translation="Студенческая" />
	<label commandName="EducationLicense" devLabel=" (Education License)" translation=" (Образовательная лицензия)" />
	<label commandName="EnableFFPReadOnlyCmd" devLabel="Read-Only due to folder permissions" translation="Только чтение из-за прав доступа к папке" />
	<label commandName="EnableReadOnlyCmd" devLabel="Read-Only For Me" translation="Только для меня" />
	<label commandName="ExtentType" devLabel="Extent" translation="Распространение" />
	<label commandName="FUSION_OPERATION_INTERRUPTED" devLabel="Operation Canceled." translation="Операция отменена." />
	<label commandName="FeatureValues" devLabel="Feature Values" translation="Значения элемента" />
	<label commandName="FileReserved" devLabel="&lt;b&gt;Changes may not be savable&lt;/b&gt;&lt;br&gt;&lt;/br&gt;&lt;br&gt;&lt;/br&gt;%1% is editing %2%.&lt;br&gt;&lt;/br&gt; You cannot save your changes to %2% until %1% is no longer editing it.&lt;br&gt;&lt;/br&gt;&lt;br&gt;&lt;/br&gt;Continue editing %2%?&lt;br&gt;&lt;/br&gt;&lt;br&gt;&lt;/br&gt;%3%Learn More" translation="&lt;b&gt;Изменения могут не сохраниться&lt;/b&gt;&lt;br&gt;&lt;/br&gt;&lt;br&gt;&lt;/br&gt;%1% редактирует %2%.&lt;br&gt;&lt;/br&gt; Вы не можете сохранить свои изменения в %2%, пока %1% не перестанет его редактировать.&lt;br&gt;&lt;/br&gt;&lt;br&gt;&lt;/br&gt;Продолжить редактирование %2%?&lt;br&gt;&lt;/br&gt;&lt;br&gt;&lt;/br&gt;%3%Подробнее" />
	<label commandName="FileReserved_Electron" devLabel="%1% is editing %2%. Changes you make while the document is reserved won’t be saved. You can save these changes as a new document.&lt;br&gt;&lt;/br&gt;&lt;br&gt;&lt;/br&gt;%3%Learn More" translation="%1% редактирует %2%. Изменения, сделанные вами, пока документ зарезервирован, не будут сохранены. Вы можете сохранить эти изменения как новый документ.&lt;br&gt;&lt;/br&gt;&lt;br&gt;&lt;/br&gt;%3%Подробнее" />
	<label commandName="FreeTrial" devLabel=" (Free Trial)" translation=" (Бесплатная пробная версия)" />
	<label commandName="Fusion360Default" devLabel="Fusion Default" translation="По умолчанию Fusion" />
	<label commandName="FusionTableGroup" devLabel="" translation="" />
	<label commandName="GALForceSaveWarning1" devLabel="&lt;b&gt;Save required - %1% &lt;/b&gt; &lt;br&gt;&lt;br&gt;Project members are editing one or more parent components. &lt;br&gt;&lt;br&gt;You must save your changes to %1% before you can use Get All Latest. &lt;br&gt;&lt;br&gt;After Get All Latest, changes will not propagate through the assembly and you will not be able to save %1% again until project members are no longer editing parent components. &lt;br&gt;&lt;br&gt;Save %1% now, then Get All Latest?&lt;br&gt;&lt;br&gt; %2%Learn More &lt;br&gt;" translation="&lt;b&gt;Требуется сохранение - %1% &lt;/b&gt; &lt;br&gt;&lt;br&gt;Участники проекта редактируют один или несколько родительских компонентов. &lt;br&gt;&lt;br&gt;Вы должны сохранить свои изменения в %1%, прежде чем сможете использовать 'Получить все последние'. &lt;br&gt;&lt;br&gt;После 'Получить все последние' изменения не будут распространяться по сборке, и вы не сможете снова сохранить %1%, пока участники проекта не перестанут редактировать родительские компоненты. &lt;br&gt;&lt;br&gt;Сохранить %1% сейчас, затем 'Получить все последние'?&lt;br&gt;&lt;br&gt; %2%Подробнее &lt;br&gt;" />
	<label commandName="GALForceSaveWarning2" devLabel="Project members are editing one or more parent components. &lt;br&gt;&lt;br&gt;You must save your changes to the following designs before you can use &lt;b&gt;Get All Latest&lt;/b&gt;: &lt;br&gt;&lt;br&gt;&lt;b&gt;%1%&lt;/b&gt; &lt;br&gt;After &lt;b&gt;Get All Latest&lt;/b&gt;, changes will not propagate through the assembly and you will not be able to save these designs again until project members are no longer editing parent components. &lt;br&gt;&lt;br&gt;Save designs now, then &lt;b&gt;Get All Latest&lt;/b&gt;?&lt;br&gt;&lt;br&gt; %2%Learn More &lt;br&gt;" translation="Участники проекта редактируют один или несколько родительских компонентов. &lt;br&gt;&lt;br&gt;Вы должны сохранить свои изменения в следующих проектах, прежде чем сможете использовать &lt;b&gt;Получить все последние&lt;/b&gt;: &lt;br&gt;&lt;br&gt;&lt;b&gt;%1%&lt;/b&gt; &lt;br&gt;После &lt;b&gt;Получить все последние&lt;/b&gt; изменения не будут распространяться по сборке, и вы не сможете снова сохранить эти проекты, пока участники проекта не перестанут редактировать родительские компоненты. &lt;br&gt;&lt;br&gt;Сохранить проекты сейчас, затем &lt;b&gt;Получить все последние&lt;/b&gt;?&lt;br&gt;&lt;br&gt; %2%Подробнее &lt;br&gt;" />
	<label commandName="GALForceSaveWarning3" devLabel="&lt;b&gt;%1%&lt;/b&gt; is currently read-only for you in separate tab, and &lt;b&gt;%2%&lt;/b&gt; has unsaved changes. You must save &lt;b&gt;%2%&lt;/b&gt; before continuing Get All Latest.&lt;br&gt;&lt;br&gt;&lt;b&gt;Save  %2% &lt;/b&gt;and continue, or &lt;b&gt;Cancel&lt;/b&gt;?&lt;br&gt;&lt;/br&gt; &lt;br&gt; %3%Learn More&lt;/a&gt;" translation="&lt;b&gt;%1%&lt;/b&gt; в настоящее время доступен только для чтения для вас на отдельной вкладке, а &lt;b&gt;%2%&lt;/b&gt; имеет несохраненные изменения. Вы должны сохранить &lt;b&gt;%2%&lt;/b&gt; перед продолжением 'Получить все последние'.&lt;br&gt;&lt;br&gt;&lt;b&gt;Сохранить %2% &lt;/b&gt; и продолжить или &lt;b&gt;Отменить&lt;/b&gt;?&lt;br&gt;&lt;/br&gt; &lt;br&gt; %3%Подробнее&lt;/a&gt;" />
	<label commandName="GALForceSaveWarning4" devLabel="Multiple child designs are temporarily read-only for you in separate tabs, and &lt;b&gt;%1%&lt;/b&gt; has unsaved changes. You must save &lt;b&gt;%1%&lt;/b&gt; before continuing Get All Latest.&lt;br&gt;&lt;br&gt;&lt;b&gt;Save %1%&lt;/b&gt; and continue, or &lt;b&gt;Cancel&lt;/b&gt;?&lt;br&gt;&lt;/br&gt; &lt;br&gt; %2%Learn More&lt;/a&gt;" translation="Несколько дочерних проектов временно доступны только для чтения для вас на отдельных вкладках, а &lt;b&gt;%1%&lt;/b&gt; имеет несохраненные изменения. Вы должны сохранить &lt;b&gt;%1%&lt;/b&gt; перед продолжением 'Получить все последние'.&lt;br&gt;&lt;br&gt;&lt;b&gt;Сохранить %1%&lt;/b&gt; и продолжить или &lt;b&gt;Отменить&lt;/b&gt;?&lt;br&gt;&lt;/br&gt; &lt;br&gt; %2%Подробнее&lt;/a&gt;" />
	<label commandName="GALForceSaveWarning5" devLabel="Multiple child designs are temporarily read-only for you in separate tabs.&lt;br&gt; You have unsaved changes to following designs and you must save these designs before you can continue to Get All Latest: &lt;br&gt;&lt;b&gt;%1% &lt;/b&gt;&lt;b&gt;&lt;br&gt;Save these designs &lt;/b&gt; and continue, or &lt;b&gt;Cancel&lt;/b&gt;?&lt;br&gt;&lt;br&gt; %2%Learn More&lt;/a&gt;" translation="Несколько дочерних проектов временно доступны только для чтения для вас на отдельных вкладках.&lt;br&gt; У вас есть несохраненные изменения в следующих проектах, и вы должны сохранить эти проекты, прежде чем сможете перейти к 'Получить все последние': &lt;br&gt;&lt;b&gt;%1% &lt;/b&gt;&lt;b&gt;&lt;br&gt;Сохранить эти проекты &lt;/b&gt; и продолжить или &lt;b&gt;Отменить&lt;/b&gt;?&lt;br&gt;&lt;br&gt; %2%Подробнее&lt;/a&gt;" />
	<label commandName="GALForceSaveWarning6" devLabel="&lt;b&gt;%1%&lt;/b&gt; is currently read-only for you in separate tab.&lt;br&gt;You have unsaved changes to following designs and you must save these designs before you can continue to Get All Latest: &lt;br&gt;&lt;b&gt;%2%&lt;/b&gt; &lt;br&gt;&lt;b&gt;Save these designs &lt;/b&gt;and continue, or &lt;b&gt;Cancel&lt;/b&gt;?&lt;br&gt;&lt;br&gt; %3%Learn More&lt;/a&gt;" translation="&lt;b&gt;%1%&lt;/b&gt; в настоящее время доступен только для чтения для вас на отдельной вкладке.&lt;br&gt;У вас есть несохраненные изменения в следующих проектах, и вы должны сохранить эти проекты, прежде чем сможете перейти к 'Получить все последние': &lt;br&gt;&lt;b&gt;%2%&lt;/b&gt; &lt;br&gt;&lt;b&gt;Сохранить эти проекты &lt;/b&gt; и продолжить или &lt;b&gt;Отменить&lt;/b&gt;?&lt;br&gt;&lt;br&gt; %3%Подробнее&lt;/a&gt;" />
	<label commandName="LastUsed" devLabel="Last Used" translation="Последние использованные" />
	<label commandName="NewerVersionAvailable" devLabel="Newer version available.  Update %1% or use Save As Latest." translation="Доступна более новая версия. Обновите %1% или используйте 'Сохранить как последнюю версию'." />
	<label commandName="NonAssociativeDueToRootDocReservation" devLabel="&lt;b&gt;Associativity for Edit In Place unavailable - %1%&lt;/b&gt;&lt;br&gt;&lt;br&gt;You cannot create assembly contexts in %1% because %2% is editing %3%, and associative changes cannot propagate through the assembly." translation="&lt;b&gt;Ассоциативность для редактирования на месте недоступна - %1%&lt;/b&gt;&lt;br&gt;&lt;br&gt;Вы не можете создавать контексты сборки в %1%, потому что %2% редактирует %3%, и ассоциативные изменения не могут распространяться по сборке." />
	<label commandName="NonAssociativeEIPDueToChildDRSReadOnlyOwnTab" devLabel="&lt;b&gt;Associativity for Edit In Place unavailable - %1%&lt;/b&gt;&lt;br&gt;&lt;br&gt;You cannot create assembly contexts in %1% right now because %2% is temporary read only for you in separate tab, and associative changes cannot propagate through the assembly." translation="&lt;b&gt;Ассоциативность для редактирования на месте недоступна - %1%&lt;/b&gt;&lt;br&gt;&lt;br&gt;Вы не можете создавать контексты сборки в %1% прямо сейчас, потому что %2% временно доступен только для чтения для вас на отдельной вкладке, и ассоциативные изменения не могут распространяться по сборке." />
	<label commandName="NonAssociativeEIPDueToChildFFPReadOnlyOwnTab" devLabel="&lt;b&gt;Associativity for Edit In Place unavailable - %1%&lt;/b&gt;&lt;br&gt;&lt;br&gt;You cannot create assembly contexts in %1% right now because you have read only permission to %2%, and associative changes cannot propagate through the assembly." translation="&lt;b&gt;Ассоциативность для редактирования на месте недоступна - %1%&lt;/b&gt;&lt;br&gt;&lt;br&gt;Вы не можете создавать контексты сборки в %1% прямо сейчас, потому что у вас есть разрешение только на чтение для %2%, и ассоциативные изменения не могут распространяться по сборке." />
	<label commandName="NonAssociativeEIPDueToCrossTeamDesign" devLabel="&lt;b&gt;Associativity for Edit In Place unavailable - %1%&lt;/b&gt;&lt;br&gt;&lt;br&gt;You cannot create assembly contexts in %1% right now because the Assembly or its referenced design(s) are located in another team, and associative changes cannot propagate through the assembly." translation="&lt;b&gt;Ассоциативность для редактирования на месте недоступна - %1%&lt;/b&gt;&lt;br&gt;&lt;br&gt;Вы не можете создавать контексты сборки в %1% прямо сейчас, потому что сборка или ее referenced проект(ы) находятся в другой команде, и ассоциативные изменения не могут распространяться по сборке." />
	<label commandName="NonAssociativeEIPDueToMultiChildsDRSReadOnlyOwnTab" devLabel="&lt;b&gt;Associativity for Edit In Place unavailable - %1%&lt;/b&gt;&lt;br&gt;&lt;br&gt;You cannot create assembly contexts in %1% right now because multiple components are temporary read only for you in separate tabs, and associative changes cannot propagate through the assembly." translation="&lt;b&gt;Ассоциативность для редактирования на месте недоступна - %1%&lt;/b&gt;&lt;br&gt;&lt;br&gt;Вы не можете создавать контексты сборки в %1% прямо сейчас, потому что несколько компонентов временно доступны только для чтения для вас на отдельных вкладках, и ассоциативные изменения не могут распространяться по сборке." />
	<label commandName="NonAssociativeEIPDueToMultiChildsFFPReadOnlyOwnTab" devLabel="&lt;b&gt;Associativity for Edit In Place unavailable - %1%&lt;/b&gt;&lt;br&gt;&lt;br&gt;You cannot create assembly contexts in %1% right now because you have read-only permission to one or more components, and associative changes cannot propagate through the assembly." translation="&lt;b&gt;Ассоциативность для редактирования на месте недоступна - %1%&lt;/b&gt;&lt;br&gt;&lt;br&gt;Вы не можете создавать контексты сборки в %1% прямо сейчас, потому что у вас есть разрешение только на чтение для одного или нескольких компонентов, и ассоциативные изменения не могут распространяться по сборке." />
	<label commandName="NonAssociativeEIPDueToOlderVersionUnsavableAssembly" devLabel="&lt;b&gt;Associativity for Edit In Place unavailable - %1%&lt;/b&gt;&lt;br&gt;&lt;br&gt;You cannot create assembly contexts in %1% right now because one or more components are out of date, and associative changes cannot propagate through the assembly." translation="&lt;b&gt;Ассоциативность для редактирования на месте недоступна - %1%&lt;/b&gt;&lt;br&gt;&lt;br&gt;Вы не можете создавать контексты сборки в %1% прямо сейчас, потому что один или несколько компонентов устарели, и ассоциативные изменения не могут распространяться по сборке." />
	<label commandName="NonAssociativeEIPDueToParentDRSReadOnly" devLabel="&lt;b&gt;Associativity for Edit In Place unavailable - %1%&lt;/b&gt;&lt;br&gt;&lt;br&gt;You cannot create assembly contexts in %1% right now because assembly %2% is temporary read only for you, and associative changes cannot propagate through the assembly." translation="&lt;b&gt;Ассоциативность для редактирования на месте недоступна - %1%&lt;/b&gt;&lt;br&gt;&lt;br&gt;Вы не можете создавать контексты сборки в %1% прямо сейчас, потому что сборка %2% временно доступна только для чтения для вас, и ассоциативные изменения не могут распространяться по сборке." />
	<label commandName="NonAssociativeEIPDueToParentFFPReadOnly" devLabel="&lt;b&gt;Associativity for Edit In Place unavailable - %1%&lt;/b&gt;&lt;br&gt;&lt;br&gt;You cannot create assembly contexts in %1% right now because assembly %2% is read only for you, and associative changes cannot propagate through the assembly." translation="&lt;b&gt;Ассоциативность для редактирования на месте недоступна - %1%&lt;/b&gt;&lt;br&gt;&lt;br&gt;Вы не можете создавать контексты сборки в %1% прямо сейчас, потому что сборка %2% доступна только для чтения для вас, и ассоциативные изменения не могут распространяться по сборке." />
	<label commandName="NonAssociativeEIPDueToReadOnly" devLabel="&lt;b&gt;Associativity for Edit In Place unavailable - %1%&lt;/b&gt;&lt;br&gt;&lt;br&gt;You cannot create assembly contexts in %1% right now because you have view-only permission to one or more components, and associative changes cannot propagate through the assembly." translation="&lt;b&gt;Ассоциативность для редактирования на месте недоступна - %1%&lt;/b&gt;&lt;br&gt;&lt;br&gt;Вы не можете создавать контексты сборки в %1% прямо сейчас, потому что у вас есть разрешение только на просмотр для одного или нескольких компонентов, и ассоциативные изменения не могут распространяться по сборке." />
	<label commandName="NonAssociativeEIPDueToReservedUnsavableAssembly" devLabel="&lt;b&gt;Associativity for Edit In Place unavailable - %1%&lt;/b&gt;&lt;br&gt;&lt;br&gt;You cannot create assembly contexts in %1% right now because project members are editing its parent or child components, and associative changes cannot propagate through the assembly." translation="&lt;b&gt;Ассоциативность для редактирования на месте недоступна - %1%&lt;/b&gt;&lt;br&gt;&lt;br&gt;Вы не можете создавать контексты сборки в %1% прямо сейчас, потому что участники проекта редактируют его родительские или дочерние компоненты, и ассоциативные изменения не могут распространяться по сборке." />
	<label commandName="NonAssociativeEIPDueToUnsavableAssemblyUnknownReason" devLabel="&lt;b&gt;Associativity for Edit In Place unavailable - %1%&lt;/b&gt;&lt;br&gt;&lt;br&gt;You cannot create assembly contexts in %1% right now because assembly is unsavable, and associative changes cannot propagate through the assembly." translation="&lt;b&gt;Ассоциативность для редактирования на месте недоступна - %1%&lt;/b&gt;&lt;br&gt;&lt;br&gt;Вы не можете создавать контексты сборки в %1% прямо сейчас, потому что сборку невозможно сохранить, и ассоциативные изменения не могут распространяться по сборке." />
	<label commandName="NotHavingControlledProjectPermission" devLabel="Cannot save changes to a design without edit permission.&#10;Contact an admin to request edit access." translation="Невозможно сохранить изменения в проекте без разрешения на редактирование.&#10;Свяжитесь с администратором, чтобы запросить доступ на редактирование." />
	<label commandName="NotHavingPermission" devLabel="You have Viewer project access.&#10;Contact %1% to request Editor project access." translation="У вас есть доступ к проекту как у зрителя.&#10;Свяжитесь с %1%, чтобы запросить доступ редактора проекта." />
	<label commandName="NotHavingPermission2" devLabel="Cannot save changes to a design with view-only permission.&#10;Contact %1% to request Editor project access." translation="Невозможно сохранить изменения в проекте с разрешением только на просмотр.&#10;Свяжитесь с %1%, чтобы запросить доступ редактора проекта." />
	<label commandName="OK" devLabel="OK" translation="ОК" />
	<label commandName="OlderVersionChildren" devLabel="Cannot consume changes to children of out-of-date components." translation="Невозможно применить изменения к дочерним элементам устаревших компонентов." />
	<label commandName="OneDirection" devLabel="One Direction" translation="Одно направление" />
	<label commandName="PathSuppressionOccurence" devLabel="Suppression" translation="Подавление" />
	<label commandName="PersonalLicense" devLabel=" Personal (Not for Commercial Use)" translation="RUS-FUS" />
	<label commandName="Preset#" devLabel="Preset %1%" translation="Предустановка %1%" />
	<label commandName="PresetValue" devLabel="Preset Value" translation="Значение предустановки" />
	<label commandName="RectangularSuppressionOccurence" devLabel="Suppression" translation="Подавление" />
	<label commandName="RemoveTCI" devLabel="Remove" translation="Удалить" />
	<label commandName="RemoveTableButton" devLabel="Remove Selection" translation="Удалить выделение" />
	<label commandName="RotateXInput" devLabel="X Angle" translation="Угол X" />
	<label commandName="RotateYInput" devLabel="Y Angle" translation="Угол Y" />
	<label commandName="RotateZAngle" devLabel="Z Angle" translation="Угол Z" />
	<label commandName="SaveRequiredLabel" devLabel="Save required" translation="Требуется сохранение" />
	<label commandName="SelectionInputSimpleStyleTail" devLabel="selected" translation="выбрано" />
	<label commandName="SeparatorInput" devLabel="Separator" translation="Разделитель" />
	<label commandName="SpacingType" devLabel="Spacing" translation="Интервал" />
	<label commandName="StartupLicense" devLabel=" (Startup License)" translation=" (Лицензия для стартапа)" />
	<label commandName="Symmetric" devLabel="Symmetric" translation="Симметрично" />
	<label commandName="TCIMoveColumnLeft" devLabel="Move Left" translation="Переместить влево" />
	<label commandName="TCIMoveColumnRight" devLabel="Move Right" translation="Переместить вправо" />
	<label commandName="TCIMoveRowDown" devLabel="Move Down" translation="Переместить вниз" />
	<label commandName="TCIMoveRowUp" devLabel="Move Up" translation="Переместить вверх" />
	<label commandName="TCIVSepResource" devLabel="" translation="" />
	<label commandName="TCIVSeparatorBtnInfo" devLabel="" translation="" />
	<label commandName="TableCIWrapper" devLabel="TableCIWrapper" translation="TableCIWrapper" />
	<label commandName="TableTextInput" devLabel="Click Add Button" translation="Нажмите кнопку Добавить" />
	<label commandName="TempLicense" devLabel=" (License verification failed)" translation=" (Не удалось проверить лицензию)" />
	<label commandName="TermHasExpired" devLabel=" (Expired Subscription - Read Only)" translation=" (Срок действия подписки истек - только чтение)" />
	<label commandName="TermUnderExportControl" devLabel=" (License pending - Read Only)" translation=" (Лицензия ожидается - только чтение)" />
	<label commandName="TextAreaEmptyString" devLabel="Empty string" translation="Пустая строка" />
	<label commandName="TextAreaError" devLabel="Error parsing text expression" translation="Ошибка анализа текстового выражения" />
	<label commandName="ThisDocumentIsReserved" devLabel="&lt;b&gt;This document is reserved&lt;/b&gt;" translation="&lt;b&gt;Этот документ зарезервирован&lt;/b&gt;" />
	<label commandName="TrialEndsToday" devLabel=" (Trial ends today)" translation=" (Пробная версия заканчивается сегодня)" />
	<label commandName="TrialLeftDay" devLabel=" (Trial ends in 1 day)" translation=" (Пробная версия заканчивается через 1 день)" />
	<label commandName="TrialLeftDays" devLabel=" (Trial ends in %1% days)" translation=" (Пробная версия заканчивается через %1% дней)" />
	<label commandName="UGridEntryCount" devLabel="Quantity" translation="Количество" />
	<label commandName="UGridEntryCountDesc" devLabel="Specify the number of pattern instances to create along this axis." translation="Укажите количество экземпляров массива для создания вдоль этой оси." />
	<label commandName="UGridGroup" devLabel="Axis 1" translation="Ось 1" />
	<label commandName="UIOptionGroupDIName" devLabel="GeneralDI" translation="Общие DI" />
	<label commandName="UIOptionGroupDITooltip" devLabel="Preferences controlling device independent behavior" translation="Настройки, управляющие независимым от устройства поведением" />
	<label commandName="VGridEntryCount" devLabel="Quantity" translation="Количество" />
	<label commandName="VGridEntryCountDesc" devLabel="Specify the number of pattern instances to create along this axis." translation="Укажите количество экземпляров массива для создания вдоль этой оси." />
	<label commandName="VGridGroup" devLabel="Axis 2" translation="Ось 2" />
	<label commandName="WantToShowDebugEnvTooltip" devLabel="Should the Debug Environment be shown" translation="Показывать ли среду отладки" />
	<label commandName="WantToShowDebugEnvUserName" devLabel="Show Debug Environment" translation="Показать среду отладки" />
	<label commandName="idleUserPrimaryAction" devLabel="Continue working" translation="Продолжить работу" />
	<label commandName="idleUserSecondaryAction" devLabel="Close Fusion" translation="Закрыть Fusion" />
	<label commandName="idleUserTertiaryAction" devLabel="Sign Out" translation="Выйти" />
	<label commandName="idleUserText" devLabel="Your 24-hour Flex session has finished. To avoid charging tokens for a new 24-hour session while you’re inactive, Fusion has paused.&lt;br&gt;&lt;br&gt;Decide what to do next:&lt;br&gt;&lt;br&gt;&lt;b&gt;Continue working:&lt;/b&gt;&lt;br&gt;Fusion resumes and you will be charged tokens at the daily rate.&lt;br&gt;&lt;br&gt;&lt;b&gt;Close Fusion:&lt;/b&gt;&lt;br&gt;Unsaved changes will be saved to a recovery file and Fusion closes. No tokens will be charged.&lt;br&gt;&lt;br&gt;&lt;b&gt;Sign Out:&lt;/b&gt;&lt;br&gt;Unsaved changes will be saved to a recovery file and Fusion signs out of the current user account. No tokens will be charged." translation="Ваша 24-часовая Flex-сессия завершена. Чтобы избежать списания токенов за новую 24-часовую сессию в период вашего бездействия, Fusion приостановлен.&lt;br&gt;&lt;br&gt;Решите, что делать дальше:&lt;br&gt;&lt;br&gt;&lt;b&gt;Продолжить работу:&lt;/b&gt;&lt;br&gt;Fusion возобновит работу, и с вас будет взиматься плата токенами по дневной ставке.&lt;br&gt;&lt;br&gt;&lt;b&gt;Закрыть Fusion:&lt;/b&gt;&lt;br&gt;Несохраненные изменения будут сохранены в файл восстановления, и Fusion закроется. Токены списываться не будут.&lt;br&gt;&lt;br&gt;&lt;b&gt;Выйти:&lt;/b&gt;&lt;br&gt;Несохраненные изменения будут сохранены в файл восстановления, и Fusion выйдет из текущей учетной записи пользователя. Токены списываться не будут." />
	<label commandName="idleUserTitle" devLabel="Are you still working in Fusion?" translation="Вы все еще работаете в Fusion?" />
	<label commandName="infoCircularGirdAngleModelDesc" devLabel="Distributes pattern instances in one direction from the source object around the axis to an angle value that you specify." translation="Распределяет экземпляры массива в одном направлении от исходного объекта вокруг оси на указанное вами значение угла." />
	<label commandName="infoCircularGirdFullModelDesc" devLabel="Distributes pattern instances 360 degrees around the axis." translation="Распределяет экземпляры массива на 360 градусов вокруг оси." />
	<label commandName="infoCircularGirdSymetricModelDesc" devLabel="Distributes pattern instances symmetrically in two directions from the source object around the axis to an angle value that you specify." translation="Распределяет экземпляры массива симметрично в двух направлениях от исходного объекта вокруг оси на указанное вами значение угла." />
	<label commandName="infoCircularGridEntryCountDesc" devLabel="Specify the number of pattern instances to create around the axis." translation="Укажите количество экземпляров массива для создания вокруг оси." />
	<label commandName="infoCircularSuppressOccurenceDesc" devLabel="Displays a suppression checkbox over each pattern instance. Uncheck instances to remove them from the pattern." translation="Отображает флажок подавления над каждым экземпляром массива. Снимите флажки с экземпляров, чтобы удалить их из массива." />
	<label commandName="infoExtentTypeDesc" devLabel="Distributes pattern instances evenly along the full extent of the distance value that you specify." translation="Равномерно распределяет экземпляры массива по всей длине указанного вами значения расстояния." />
	<label commandName="infoOneDirectionDesc" devLabel="Distributes pattern instances in one direction from the source object along this axis." translation="Распределяет экземпляры массива в одном направлении от исходного объекта вдоль этой оси." />
	<label commandName="infoPathSuppressOccurenceDesc" devLabel="Displays a suppression checkbox over each pattern instance. Uncheck instances to remove them from the pattern." translation="Отображает флажок подавления над каждым экземпляром массива. Снимите флажки с экземпляров, чтобы удалить их из массива." />
	<label commandName="infoRectangularSuppressOccurenceDesc" devLabel="Displays a suppression checkbox over each pattern instance. Uncheck instances to remove them from the pattern." translation="Отображает флажок подавления над каждым экземпляром массива. Снимите флажки с экземпляров, чтобы удалить их из массива." />
	<label commandName="infoSpacingTypeDesc" devLabel="Distributes pattern instances so that they are spaced at the distance value that you specify." translation="Распределяет экземпляры массива так, чтобы они располагались на указанном вами расстоянии друг от друга." />
	<label commandName="infoSymmetricDesc" devLabel="Distributes pattern instances symmetrically in two directions from the source object along this axis." translation="Распределяет экземпляры массива симметрично в двух направлениях от исходного объекта вдоль этой оси." />
	<label commandName="infoTotalAngleDesc" devLabel="Specify the angle value to distribute pattern instances around the axis." translation="Укажите значение угла для распределения экземпляров массива вокруг оси." />
	<label commandName="lclzAbortCommandAndRestart" devLabel="abortCommandTransaction: " translation="abortCommandTransaction: " />
	<label commandName="lclzAbortStep" devLabel="abortStep: " translation="abortStep: " />
	<label commandName="lclzBeginCommand" devLabel="Command begin: " translation="Command begin: " />
	<label commandName="lclzBeginStep" devLabel="beginStep: " translation="beginStep: " />
	<label commandName="lclzCloudRenderingDRSMessage" devLabel="Cannot render &quot;%1%&quot; until you save. &quot;%1%&quot; is temporarily read-only for you. Make the design savable again to save your changes." translation="Невозможно выполнить рендеринг &quot;%1%&quot;, пока вы не сохраните. &quot;%1%&quot; временно доступен только для чтения для вас. Сделайте проект доступным для сохранения, чтобы сохранить свои изменения." />
	<label commandName="lclzCloudRenderingDRSMultiChildROMessage" devLabel="Cannot render &quot;%1%&quot; until you save. Two or more child designs are temporarily read-only for you in other tabs. Make them savable again to save your changes to &quot;%1%&quot;." translation="Невозможно выполнить рендеринг &quot;%1%&quot;, пока вы не сохраните. Два или более дочерних проекта временно доступны только для чтения для вас на других вкладках. Сделайте их доступными для сохранения, чтобы сохранить свои изменения в &quot;%1%&quot;." />
	<label commandName="lclzCloudRenderingDRSSingleChildROMessage" devLabel="Cannot render &quot;%1%&quot; until you save. &quot;%2%&quot; is temporarily read-only for you in another tab . Make &quot;%2%&quot; savable again to save your changes to &quot;%1%&quot;." translation="Невозможно выполнить рендеринг &quot;%1%&quot;, пока вы не сохраните. &quot;%2%&quot; временно доступен только для чтения для вас на другой вкладке. Сделайте &quot;%2%&quot; доступным для сохранения, чтобы сохранить свои изменения в &quot;%1%&quot;." />
	<label commandName="lclzCloudRenderingOtherChildROMessage" devLabel="Cannot render &quot;%1%&quot; until you save. Saving is prevented as one or more child components are read-only." translation="Невозможно выполнить рендеринг &quot;%1%&quot;, пока вы не сохраните. Сохранение невозможно, так как один или несколько дочерних компонентов доступны только для чтения." />
	<label commandName="lclzCloudRenderingReadOnlyMessage" devLabel="Cannot render &quot;%1%&quot; until you save. Saving is prevented as &quot;%1%&quot; is read-only." translation="Невозможно выполнить рендеринг &quot;%1%&quot;, пока вы не сохраните. Сохранение невозможно, так как &quot;%1%&quot; доступен только для чтения." />
	<label commandName="lclzCloudRenderingReservationMessage" devLabel="Design is reserved by another project member." translation="Проект зарезервирован другим участником проекта." />
	<label commandName="lclzCommitCommandAndRestart" devLabel="commitCommandAndRestart: " translation="commitCommandAndRestart: " />
	<label commandName="lclzEndCommand" devLabel="Command end: " translation="Command end: " />
	<label commandName="lclzExecuteRequests" devLabel="executeRequests: " translation="executeRequests: " />
	<label commandName="lclzRedoGlobalTxn" devLabel="redoGlobalTxn: " translation="redoGlobalTxn: " />
	<label commandName="lclzRedoStep" devLabel="redoStep: " translation="redoStep: " />
	<label commandName="lclzResumeCommand" devLabel="Command resume: " translation="Command resume: " />
	<label commandName="lclzSuspendCommand" devLabel="Command suspend: " translation="Command suspend: " />
	<label commandName="lclzUndoGlobalTxn" devLabel="undoGlobalTxn: " translation="undoGlobalTxn: " />
	<label commandName="lclzUndoStep" devLabel="undoStep: " translation="undoStep: " />
	<label commandName="nullRequest" devLabel="NULL request cannot be executed" translation="NULL запрос не может быть выполнен" />
	<label commandName="rememberLastSettingEnvTooltip" devLabel="Remember last settings" translation="Запоминать последние настройки" />
	<label commandName="rememberLastSettingEnvUserName" devLabel="Remember last settings" translation="Запоминать последние настройки" />
	<label commandName="resilientSelectionToolTip" devLabel="Whether selections use entity tracking" translation="Используют ли выделения отслеживание объектов" />
	<label commandName="resilientSelectionUserName" devLabel="Resilient Selections" translation="Устойчивые выделения" />
</Resource>
