<?xml version="1.0" encoding="utf-8"?>
<Resource>
    <label commandName="%1%" devLabel="%2%%3%" translation="%2%%3%"/>
    <label commandName="AddDCTIRowCount" devLabel="Add Row Count" translation="Добавьте количество строк"/>
    <label commandName="AddDCTIRowCountLabel" devLabel="Add Rows" translation="Добавить строки"/>
    <label commandName="AddRowCount" devLabel="Add Row Count" translation="Добавьте количество строк"/>
    <label commandName="AddRowCountLabel" devLabel="Add Rows" translation="Добавить строки"/>
    <label commandName="AddTCI" devLabel="Add" translation="Добавлять"/>
    <label commandName="AddTCIColumnMoveLeft" devLabel="Move Left" translation=" влево"/>
    <label commandName="AddTCIColumnMoveRight" devLabel="Move Right" translation=" вправо"/>
    <label commandName="AddTCIRowMoveDown" devLabel="Move Down" translation=" вниз"/>
    <label commandName="AddTCIRowMoveUp" devLabel="Move Up" translation=" вверх"/>
    <label commandName="AddTableButton" devLabel="Add new selection" translation="Добавить новый выбор"/>
    <label commandName="AppliesTheCustomPresetValues" devLabel="Applies the values from this custom preset." translation="Применяет значения из этого пользовательского пресета."/>
    <label commandName="AppliesTheDefaultValuesProvidedByFusion360" devLabel="Applies the default values provided by Fusion." translation="Применяет значения Fusion по умолчанию."/>
    <label commandName="AppliesTheFeatureValues" devLabel="Applies the values from edited feature." translation="Применяет значения из редактируемого элемента."/>
    <label commandName="AppliesTheLastValuesYouUsed" devLabel="Applies the last values you used." translation="Использует самые последние использованные значения."/>
    <label commandName="AxisUInput" devLabel="Distance" translation="Расстояние"/>
    <label commandName="AxisVInput" devLabel="Distance" translation="Расстояние"/>
    <label commandName="AxisXDistanceInput" devLabel="X Scale" translation="масштаб X"/>
    <label commandName="AxisYDistanceInput" devLabel="Y Scale" translation="масштаб Y"/>
    <label commandName="AxisZDistanceInput" devLabel="Z Scale" translation="Z-шкала"/>
    <label commandName="BeginEIPBlockedByReserve" devLabel="%1% is editing this design. Edit In Place is currently unavailable." translation="%1% редактирует этот проект. Локальная версия в настоящее время недоступна."/>
    <label commandName="CIPParentNotSavable" devLabel="Cannot save until %1% is savable." translation="Невозможно записать, пока свойства %1% запрещают запись."/>
    <label commandName="CIPParentNotSavableDefault" devLabel="Cannot save until parent is savable." translation="Невозможно сохранить, пока родитель не запретит запись."/>
    <label commandName="CIPParentOldVersionDefault" devLabel="Cannot save until parent is updated." translation="Невозможно сохранить, пока родительский элемент не будет обновлен."/>
    <label commandName="CIPParentOlderVersion" devLabel="Cannot save until %1% is updated." translation="Невозможно сохранить, пока файл %1% не будет обновлен."/>
    <label commandName="CIPParentReserved" devLabel="Cannot save until %1% is no longer reserved by another project member." translation="Невозможно сохранить, пока %1% не будет зарезервирован другим участником проекта."/>
    <label commandName="CIPParentReservedDefault" devLabel="Cannot save until parent is no longer reserved by another project member." translation="Невозможно сохранить, пока родительский элемент не будет зарезервирован другим участником проекта."/>
    <label commandName="Cancel" devLabel="Cancel" translation="Отмена"/>
    <label commandName="ChangesAreUnsavableTitle" devLabel="Changes will be unsavable" translation="Вы не сможете сохранить изменения."/>
    <label commandName="ChildNotHavingControlledProjectPermission" devLabel="Cannot consume changes to a child without edit permission." translation="Вы не можете использовать изменения в дочернем элементе без разрешения на редактирование."/>
    <label commandName="ChildNotHavingPermission" devLabel="Cannot consume changes to a child with view-only permission." translation="Вы не можете использовать изменения в дочернем элементе с разрешением только на просмотр."/>
    <label commandName="ChildReservedByOthers" devLabel="Cannot consume changes to children of reserved components." translation="Вы не можете использовать изменения, полученные из зарезервированных компонентов."/>
    <label commandName="CircularAngle" devLabel="Angle" translation="Угол"/>
    <label commandName="CircularGirdAngleModel" devLabel="Partial" translation="Частичный"/>
    <label commandName="CircularGirdFullModel" devLabel="Full" translation="Полный"/>
    <label commandName="CircularGirdSymetricModel" devLabel="Symmetric" translation="Симметрично"/>
    <label commandName="CircularGridEntryCount" devLabel="Quantity" translation="Количество"/>
    <label commandName="CircularGridModel" devLabel="Distribution" translation="Расписание"/>
    <label commandName="CircularSuppressionOccurence" devLabel="Suppression" translation="Исключение"/>
    <label commandName="ClosingDirtyDocuments" devLabel="One or more external components in the assembly have unsaved changes. Click Save to review and save modified designs." translation="Один или несколько внешних компонентов сборки содержат несохраненные изменения. Нажмите кнопку «Сохранить», чтобы просмотреть и сохранить измененные проекты."/>
    <label commandName="CommandInnerStep" devLabel="%1% Inner Step" translation="Внутренний шаг %1%"/>
    <label commandName="CommandPresetsFailedToLoad" devLabel="Failed to load command presets file %1%." translation="Невозможно загрузить файл предустановки команды %1%."/>
    <label commandName="CommandPresetsFailedToSave" devLabel="Failed to save command presets file %1%." translation="Невозможно сохранить файл предустановки команды %1%."/>
    <label commandName="CommandPresetsOptionsFailedToSave" devLabel="Failed to save command presets options JSON file %1%." translation="Невозможно сохранить параметры предустановки команды в файл JSON %1%."/>
    <label commandName="CommercialLincense" devLabel=" (Commercial Subscription)" translation="(Коммерческая подписка)"/>
    <label commandName="ContextFolderTooltip" devLabel="Cached objects from a dissolved Assembly Context" translation="Объекты, кэшированные из контекста сборки."/>
    <label commandName="ContinueOp" devLabel="Continue" translation="Продолжать"/>
    <label commandName="DMOptionsToolTip" devLabel="Direct Modeling Options" translation="Возможности прямого моделирования"/>
    <label commandName="DMOptionsUserName" devLabel="DM Options" translation="Настройки ПМ"/>
    <label commandName="DefaultSelectionInputText" devLabel="Select" translation="Выбрать"/>
    <label commandName="DirectionType" devLabel="Direction" translation="Kierunek"/>
    <label commandName="DistanceExtentDesc" devLabel="Specify the distance value for the full extent of the pattern along this axis." translation="Określ wartość odległości dla pełnego zakresu szyku wzdłuż tej osi."/>
    <label commandName="DistanceSpacingDesc" devLabel="Specify the distance value between each pattern instance along this axis." translation="Określ wartość odległości między każdym wystąpieniem szyku wzdłuż tej osi."/>
    <label commandName="DistanceType" devLabel="Distribution" translation="Rozkład"/>
    <label commandName="DistanceUInput" devLabel="Distance" translation="Odległość"/>
    <label commandName="DistanceVInput" devLabel="Distance" translation="Odległość"/>
    <label commandName="DocumentUnsavable" devLabel="&lt;b&gt;Changes may not be savable - %1% &lt;/b&gt;&lt;br&gt;&lt;/br&gt;&lt;br&gt;&lt;/br&gt;Project members are editing one or more parent components.&lt;br&gt;&lt;/br&gt;&lt;br&gt;&lt;/br&gt;Your changes will not propagate through the assembly and you will not be able to save %1% until project members are no longer editing parent components.&lt;br&gt;&lt;/br&gt;&lt;br&gt;&lt;/br&gt;Continue editing %1%?&lt;br&gt;&lt;/br&gt;&lt;br&gt;&lt;/br&gt;%2%Learn More" translation="&lt;b&gt;Zmiany mogą nie być dostępne do zapisu — %1%&lt;/b&gt;&lt;br&gt;&lt;/br&gt;&lt;br&gt;&lt;/br&gt;Członkowie projektu edytują przynajmniej jeden komponent macierzysty.&lt;br&gt;&lt;/br&gt;&lt;br&gt;&lt;/br&gt;Zmiany nie będą propagowane w zespole i nie będzie można zapisać %1%, dopóki członkowie projektu nie zakończą edytowania komponentów macierzystych.&lt;br&gt;&lt;/br&gt;&lt;br&gt;&lt;/br&gt;Kontynuować edycję %1%?&lt;br&gt;&lt;/br&gt;&lt;br&gt;&lt;/br&gt;%2%Dowiedz się więcej"/>
    <label commandName="DocumentUnsavableCrossTeamDoc" devLabel="&lt;b&gt;Changes may not be savable - %1% &lt;/b&gt;&lt;br&gt;&lt;/br&gt;&lt;br&gt;&lt;/br&gt;Design is located in another team. You may not be able to save changes you make to this design.&lt;br&gt;&lt;/br&gt;&lt;br&gt;&lt;/br&gt;Continue editing %1%?&lt;br&gt;&lt;/br&gt;" translation="&lt;b&gt;Zapisanie zmian może nie być możliwe — %1%&lt;/b&gt;&lt;br&gt;&lt;/br&gt;&lt;br&gt;&lt;/br&gt;Projekt znajduje się w innym zespole. Zapisanie zmian wprowadzonych w tym projekcie może być niemożliwe.&lt;br&gt;&lt;/br&gt;&lt;br&gt;&lt;/br&gt;Kontynuować edytowanie %1%?&lt;br&gt;&lt;/br&gt;"/>
    <label commandName="DocumentUnsavableCrossTeamDwgDoc" devLabel="&lt;b&gt;Changes may not be savable - %1% &lt;/b&gt;&lt;br&gt;&lt;/br&gt;&lt;br&gt;&lt;/br&gt;Drawing is located in another team. You may not be able to save changes you make to this drawing.&lt;br&gt;&lt;/br&gt;&lt;br&gt;&lt;/br&gt;Continue editing %1%?&lt;br&gt;&lt;/br&gt;" translation="&lt;b&gt;Zapisanie zmian może nie być możliwe — %1%&lt;/b&gt;&lt;br&gt;&lt;/br&gt;&lt;br&gt;&lt;/br&gt;Rysunek znajduje się w innym zespole. Zapisanie zmian wprowadzonych w tym rysunku może być niemożliwe.&lt;br&gt;&lt;/br&gt;&lt;br&gt;&lt;/br&gt;Kontynuować edycję %1%?&lt;br&gt;&lt;/br&gt;"/>
    <label commandName="DocumentUnsavableCrossTeamRefs" devLabel="&lt;b&gt;Changes may not be savable - %1% &lt;/b&gt;&lt;/b&gt;&lt;br&gt;&lt;/br&gt;&lt;br&gt;&lt;/br&gt;Design contains external references located in another team. You may not be able to save changes you make to this design or external references in the assembly.&lt;br&gt;&lt;/br&gt;&lt;br&gt;&lt;/br&gt;Continue editing %1%?&lt;br&gt;&lt;/br&gt;" translation="&lt;b&gt;Zapisanie zmian może nie być możliwe — %1%&lt;/b&gt;&lt;/b&gt;&lt;br&gt;&lt;/br&gt;&lt;br&gt;&lt;/br&gt;Projekt zawiera odnośniki zewnętrzne znajdujące się w innym zespole. Zapisanie zmian wprowadzonych w tym projekcie lub odnośnikach zewnętrznych w zespole może być niemożliwe.&lt;br&gt;&lt;/br&gt;&lt;br&gt;&lt;/br&gt;Kontynuować edycję %1%?&lt;br&gt;&lt;/br&gt;"/>
    <label commandName="DocumentUnsavableCrossTeamRefsDwg" devLabel="&lt;b&gt;Changes may not be savable - %1% &lt;/b&gt;&lt;/b&gt;&lt;br&gt;&lt;/br&gt;&lt;br&gt;&lt;/br&gt;Drawing references a design located in another team. You may not be able to save changes you make to this drawing.&lt;br&gt;&lt;/br&gt;&lt;br&gt;&lt;/br&gt;Continue editing %1%?&lt;br&gt;&lt;/br&gt;" translation="&lt;b&gt;Zapisanie zmian może nie być możliwe — %1%&lt;/b&gt;&lt;/b&gt;&lt;br&gt;&lt;/br&gt;&lt;br&gt;&lt;/br&gt;Rysunek odwołuje się do projektu znajdującego się w innym zespole. Zapisanie zmian wprowadzonych w tym rysunku może być niemożliwe.&lt;br&gt;&lt;/br&gt;&lt;br&gt;&lt;/br&gt;Kontynuować edycję %1%?&lt;br&gt;&lt;/br&gt;"/>
    <label commandName="DocumentUnsavableFFPReadOnlyCurrent" devLabel="You cannot save changes to a design with read-only permission. Contact the Project Administrator to request Editor access.&lt;br&gt;&lt;/br&gt;&lt;br&gt;&lt;/br&gt;Continue editing&lt;b&gt; %1%?&lt;/b&gt;&lt;br&gt;&lt;/br&gt;&lt;br&gt;&lt;/br&gt;%2%Learn More" translation="Nie można zapisać zmian w projekcie z uprawnieniami tylko do odczytu. Skontaktuj się z administratorem projektu, aby uzyskać dostęp do edytora.&lt;br&gt;&lt;/br&gt;&lt;br&gt;&lt;/br&gt;Czy kontynuować edycję&lt;b&gt; %1%?&lt;/b&gt;&lt;br&gt;&lt;/br&gt;&lt;br&gt;&lt;/br&gt;%2%Dowiedz się więcej"/>
    <label commandName="DocumentUnsavableFFPReadOnlyDirtyChildForIntermediate" devLabel="&lt;b&gt;Changes may not be savable - %1% &lt;/b&gt;&lt;br&gt;&lt;/br&gt;&lt;br&gt;&lt;/br&gt;Cannot consume changes to a child with read-only permission. Contact the Project Administrator to request Editor access.&lt;br&gt;&lt;/br&gt;&lt;br&gt;&lt;/br&gt;Continue editing %1%?&lt;br&gt;&lt;/br&gt;&lt;br&gt;&lt;/br&gt;%2%Learn More" translation="&lt;b&gt;Zapisanie zmian może nie być możliwe — %1%&lt;/b&gt;&lt;br&gt;&lt;/br&gt;&lt;br&gt;&lt;/br&gt;Nie można użyć zmian w obiekcie podrzędnym z uprawnieniami tylko do odczytu. Skontaktuj się z administratorem projektu, aby zażądać dostępu do edytora. &lt;br&gt;&lt;/br&gt;&lt;br&gt;&lt;/br&gt;Czy kontynuować edycję %1%?&lt;br&gt;&lt;/br&gt;&lt;br&gt;&lt;/br&gt;%2%Dowiedz się więcej"/>
    <label commandName="DocumentUnsavableFFPReadOnlyTop" devLabel="You cannot save changes to a assembly with read-only permission. Contact the Project Administrator to request Editor access.&lt;br&gt;&lt;/br&gt;&lt;br&gt;&lt;/br&gt;Continue editing&lt;b&gt; %1%?&lt;/b&gt;&lt;br&gt;&lt;/br&gt;&lt;br&gt;&lt;/br&gt;%2%Learn More" translation="Nie można zapisać zmian w zespole z uprawnieniami tylko do odczytu. Skontaktuj się z administratorem projektu, aby uzyskać dostęp do edytora.&lt;br&gt;&lt;/br&gt;&lt;br&gt;&lt;/br&gt;Czy kontynuować edycję&lt;b&gt; %1%?&lt;/b&gt;&lt;br&gt;&lt;/br&gt;&lt;br&gt;&lt;/br&gt;%2%Dowiedz się więcej"/>
    <label commandName="DocumentUnsavableGALChildDRS" devLabel="&lt;b&gt;Changes may not be savable - %1% &lt;/b&gt;&lt;br&gt;&lt;/br&gt;&lt;br&gt;&lt;/br&gt; %2% is temporarily read-only for you in the separate tab.&lt;br&gt;&lt;/br&gt;&lt;br&gt;&lt;/br&gt;After Get All Latest, you cannot save your changes to the %1% until you make %2% savable again.&lt;br&gt;&lt;/br&gt;&lt;br&gt;&lt;/br&gt;Continue to Get All Latest?&lt;br&gt;&lt;/br&gt;&lt;br&gt;&lt;/br&gt;%3%Learn More" translation="&lt;b&gt;Zapisanie zmian może nie być możliwe — %1%&lt;/b&gt;&lt;br&gt;&lt;/br&gt;&lt;br&gt;&lt;/br&gt;%2% na osobnej karcie jest tymczasowo tylko do odczytu. &lt;br&gt;&lt;/br&gt;&lt;br&gt;Po pobraniu wszystkich najnowszych wersji nie można zapisać zmian w %1%, dopóki nie będzie można ponownie zapisać %2%.&lt;br&gt;&lt;/br&gt;&lt;br&gt;Kontynuować pobieranie wszystkich najnowszych?&lt;br&gt;&lt;/br&gt;&lt;br&gt;&lt;/br&gt;%3%Dowiedz się więcej informacji"/>
    <label commandName="DocumentUnsavableGALChildReadOnly" devLabel="&lt;b&gt;Changes may not be savable - %1% &lt;/b&gt;&lt;br&gt;&lt;/br&gt;&lt;br&gt;&lt;/br&gt; %1% contains one or more components with read-only permission.&lt;br&gt;&lt;/br&gt;&lt;br&gt;&lt;/br&gt;After Get All Latest, changes will not propagate through the assembly and you will not be able to save %1%.&lt;br&gt;&lt;/br&gt;&lt;br&gt;&lt;/br&gt;Continue to Get All Latest?&lt;br&gt;&lt;/br&gt;&lt;br&gt;&lt;/br&gt;%2%Learn More" translation="&lt;b&gt;Zapisanie zmian może nie być możliwe — %1%&lt;/b&gt;&lt;br&gt;&lt;/br&gt;&lt;br&gt;&lt;/br&gt; %1%zawiera co najmniej jeden komponent z uprawnieniem tylko do odczytu.&lt;br&gt;&lt;/br&gt;&lt;br&gt;&lt;/br&gt;Po wykonaniu polecenia Pobierz wszystkie najnowszą zmiany nie będą propagowane w zespole i nie będzie można zapisać %1%.&lt;br&gt;&lt;/br&gt;&lt;br&gt;&lt;/br&gt;Kontynuować pobieranie wszystkich najnowszych?&lt;br&gt;&lt;/br&gt;&lt;br&gt;&lt;/br&gt;%2%Dowiedz się więcej"/>
    <label commandName="DocumentUnsavableGALCrossTeamDoc" devLabel="&lt;b&gt;Changes may not be savable - %1% &lt;/b&gt;&lt;br&gt;&lt;/br&gt;&lt;br&gt;&lt;/br&gt;One or more components are from another team hub.&lt;br&gt;&lt;/br&gt;&lt;br&gt;&lt;/br&gt;After Get All Latest, changes will not propagate through the assembly and you will not be able to save %1%.&lt;br&gt;&lt;/br&gt;&lt;br&gt;&lt;/br&gt;Continue to Get All Latest?&lt;br&gt;&lt;/br&gt;" translation="&lt;b&gt;Zapisanie zmian może nie być możliwe — %1%&lt;/b&gt;&lt;br&gt;&lt;/br&gt;&lt;br&gt;&lt;/br&gt;Co najmniej jeden komponent pochodzi z innego centrum zespołu.&lt;br&gt;&lt;/br&gt;&lt;br&gt;&lt;/br&gt;Po wykonaniu polecenia Pobierz wszystkie najnowsze zmiany nie będą propagowane w zespole i nie będzie można zapisać %1%.&lt;br&gt;&lt;/br&gt;&lt;br&gt;&lt;/br&gt;Kontynuować pobieranie wszystkich najnowszych?&lt;br&gt;"/>
    <label commandName="DocumentUnsavableGALCrossTeamRefs" devLabel="&lt;b&gt;Changes may not be savable - %1% &lt;/b&gt;&lt;br&gt;&lt;/br&gt;&lt;br&gt;&lt;/br&gt; %1% contains one or more components that are from another team hub.&lt;br&gt;&lt;/br&gt;&lt;br&gt;&lt;/br&gt;After Get All Latest, changes will not propagate through the assembly and you will not be able to save %1%.&lt;br&gt;&lt;/br&gt;&lt;br&gt;&lt;/br&gt;Continue to Get All Latest?&lt;br&gt;&lt;/br&gt;" translation="&lt;b&gt;Zapisanie zmian może nie być możliwe — %1%&lt;/b&gt;&lt;br&gt;&lt;/br&gt;&lt;br&gt;&lt;/br&gt;%1% zawiera co najmniej jeden komponent pochodzący z innego centrum zespołu.&lt;br&gt;&lt;/br&gt;&lt;br&gt;&lt;/br&gt;Po wykonaniu polecenia Pobierz wszystkie najnowsze zmiany nie będą propagowane w zespole i nie będzie można zapisać %1%.&lt;br&gt;&lt;/br&gt;&lt;br&gt;&lt;/br&gt;Kontynuować pobieranie wszystkich najnowszych?"/>
    <label commandName="DocumentUnsavableGALMultipleChildDRS" devLabel="&lt;b&gt;Changes may not be savable - %1% &lt;/b&gt;&lt;br&gt;&lt;/br&gt;&lt;br&gt;&lt;/br&gt; Multiple child designs are temporarily read-only for you in the separate tabs.&lt;br&gt;&lt;/br&gt;&lt;br&gt;&lt;/br&gt;After Get All Latest, you cannot save your changes to the %1% until you make those designs savable again.&lt;br&gt;&lt;/br&gt;&lt;br&gt;&lt;/br&gt;Continue to Get All Latest?&lt;br&gt;&lt;/br&gt;&lt;br&gt;&lt;/br&gt;%2%Learn More" translation="&lt;b&gt;Zapisanie zmian może nie być możliwe — %1%&lt;/b&gt;&lt;br&gt;&lt;/br&gt;&lt;br&gt;&lt;/br&gt;Wiele projektów podrzędnych jest tymczasowo tylko do odczytu na osobnych kartach.&lt;br&gt;&lt;/br&gt;&lt;br&gt;&lt;/br&gt;Po wykonaniu polecenia Pobierz wszystkie najnowsze nie można zapisać zmian w %1%, dopóki nie będzie można ponownie zapisać tych projektów. &lt;br&gt;&lt;/br&gt;&lt;br&gt;&lt;/br&gt;Kontynuować pobieranie wszystkich najnowszych?&lt;br&gt;&lt;/br&gt;&lt;br&gt;&lt;/br&gt;%2%Dowiedz się więcej"/>
    <label commandName="DocumentUnsavableGALReserved" devLabel="&lt;b&gt;Changes may not be savable - %1% &lt;/b&gt;&lt;br&gt;&lt;/br&gt;&lt;br&gt;&lt;/br&gt;Project members are editing one or more parent components.&lt;br&gt;&lt;/br&gt;&lt;br&gt;&lt;/br&gt;After Get All Latest, changes will not propagate through the assembly and you will not be able to save %1% until project members are no longer editing parent components.&lt;br&gt;&lt;/br&gt;&lt;br&gt;&lt;/br&gt;Continue to Get All Latest?&lt;br&gt;&lt;/br&gt;&lt;br&gt;&lt;/br&gt;%2%Learn More" translation="&lt;b&gt;Zapisanie zmian może nie być możliwe — %1%&lt;/b&gt;&lt;br&gt;&lt;/br&gt;&lt;br&gt;&lt;/br&gt;Członkowie projektu edytują jeden lub więcej komponentów macierzystych.&lt;br&gt;&lt;/br&gt;&lt;br&gt;&lt;/br&gt;Po wykonaniu polecenia Pobierz wszystkie najnowsze zmiany nie będą propagowane w zespole i nie będzie można zapisać %1%, dopóki członkowie projektu nie przestaną edytować komponentów macierzystych.&lt;br&gt;&lt;/br&gt;&lt;br&gt;&lt;/br&gt;Czy kontynuować pobieranie wszystkich najnowszych?&lt;br&gt;&lt;/br&gt;&lt;br&gt;&lt;/br&gt;%2%Dowiedz się więcej"/>
    <label commandName="DocumentUnsavableOOD" devLabel="&lt;b&gt;Changes may not be savable - %1% &lt;/b&gt;&lt;br&gt;&lt;/br&gt;&lt;br&gt;&lt;/br&gt;Newer version available.&lt;br&gt;&lt;/br&gt;&lt;br&gt;&lt;/br&gt;You will not be able to save %1% until it is updated. You can use Save As Latest to forcefully save it without updating it first, but it is recommended to update first instead.&lt;br&gt;&lt;/br&gt;&lt;br&gt;&lt;/br&gt;Continue editing %1%?&lt;br&gt;&lt;/br&gt;&lt;br&gt;&lt;/br&gt;%2%Learn More" translation="&lt;b&gt;Zapisanie zmian może nie być możliwe— %1%&lt;/b&gt;&lt;br&gt;&lt;/br&gt;&lt;br&gt;&lt;/br&gt;Dostępna jest nowsza wersja.&lt;br&gt;&lt;/br&gt;&lt;br&gt;&lt;/br&gt;Zapisywanie %1% nie będzie możliwe do momentu aktualizacji. Można użyć polecenia Zapisz jako najnowszy, aby wymusić zapisanie go bez uprzedniego zaktualizowania, ale zaleca się jego wcześniejsze zaktualizowanie. &lt;br&gt;&lt;/br&gt;&lt;br&gt;&lt;/br&gt;Kontynuować edycję %1%?&lt;br&gt;&lt;/br&gt;&lt;br&gt;&lt;/br&gt;%2%Dowiedz się więcej"/>
    <label commandName="DocumentUnsavableOODChild" devLabel="One or more components you edited were also modified externally, and are out of date.&lt;br&gt;&lt;/br&gt;&lt;br&gt;&lt;/br&gt;You will not be able to save &lt;b&gt;%1%&lt;/b&gt; until those components are updated or &lt;b&gt;Saved As Latest&lt;/b&gt;.&lt;br&gt;&lt;/br&gt;&lt;br&gt;&lt;/br&gt;Continue editing &lt;b&gt;%1%&lt;/b&gt;?&lt;br&gt;&lt;/br&gt;&lt;br&gt;&lt;/br&gt;%2%Learn More" translation="Co najmniej jeden edytowany komponent został również zmodyfikowany zewnętrznie i jest nieaktualny&lt;br&gt;&lt;/br&gt;&lt;br&gt;&lt;/br&gt;Nie będzie można zapisać &lt;b&gt;%1%&lt;/b&gt;, dopóki te komponenty nie zostaną zaktualizowane lub &lt;b&gt;zapisane jako najnowsze&lt;/b&gt;.&lt;br&gt;&lt;/br&gt;&lt;br&gt;&lt;/br&gt;Czy kontynuować edycję &lt;b&gt;%1%&lt;/b&gt;?&lt;br&gt;&lt;/br&gt;&lt;br&gt;&lt;/br&gt;%2%Dowiedz się więcej"/>
    <label commandName="DocumentUnsavableOODChildTitle" devLabel="Changes may not be unsavable" translation="Zapisanie zmian może być niemożliwe"/>
    <label commandName="DocumentUnsavableReadOnly" devLabel="You cannot save changes to a design with view-only permission.  Contact the Project Administrator to request Editor access.&lt;br&gt;&lt;/br&gt;&lt;br&gt;&lt;/br&gt;Continue editing&lt;b&gt; %1%?&lt;/b&gt;&lt;br&gt;&lt;/br&gt;&lt;br&gt;&lt;/br&gt;%2%Learn More" translation="Nie można zapisać zmian w projekcie z uprawnieniami tylko do wyświetlania. Skontaktuj się z administratorem projektu, aby uzyskać dostęp do edytora.&lt;br&gt;&lt;/br&gt;&lt;br&gt;&lt;/br&gt;Czy kontynuować edycję&lt;b&gt;%1%?&lt;/b&gt;&lt;br&gt;&lt;/br&gt;&lt;br&gt;&lt;/br&gt;%2%Dowiedz się więcej"/>
    <label commandName="DocumentUnsavableReadOnlyChild" devLabel="&lt;b&gt;Changes may not be savable - %1% &lt;/b&gt;&lt;br&gt;&lt;/br&gt;&lt;br&gt;&lt;/br&gt;Cannot consume changes to a child with view-only permission.&lt;br&gt;&lt;/br&gt;&lt;br&gt;&lt;/br&gt;Continue editing %1%?&lt;br&gt;&lt;/br&gt;&lt;br&gt;&lt;/br&gt;%2%Learn More" translation="&lt;b&gt;Zapisanie zmian może nie być możliwe — %1%&lt;/b&gt;&lt;br&gt;&lt;/br&gt;&lt;br&gt;&lt;/br&gt;Nie można użyć zmian w obiekcie podrzędnym z uprawnieniem tylko do wyświetlania.&lt;br&gt;&lt;/br&gt;&lt;br&gt;&lt;/br&gt;Kontynuować edycję %1%?&lt;/b&gt;&lt;br&gt;&lt;/br&gt;&lt;br&gt;&lt;/br&gt;%2%Dowiedz się więcej"/>
    <label commandName="DocumentUnsavableReadOnlyCurrent" devLabel="This component is temporarily read-only for you in a separate tab. You cannot save any changes you make during Edit In Place until you make the design savable again.&lt;br&gt;&lt;/br&gt;&lt;br&gt;&lt;/br&gt;Continue editing %1%?&lt;br&gt;&lt;/br&gt;&lt;br&gt;&lt;/br&gt;%2%Learn More" translation="Ten komponent jest tymczasowo tylko do odczytu na oddzielnej karcie. Nie można zapisać zmian wprowadzonych podczas edycji lokalnej, dopóki projekt nie zostanie ponownie ustawiony jako możliwy do zapisu.&lt;br&gt;&lt;/br&gt;&lt;br&gt;&lt;/br&gt;Czy kontynuować edycję%1%?&lt;br&gt;&lt;/br&gt;&lt;br&gt;&lt;/br&gt;%2%Dowiedz się więcej"/>
    <label commandName="DocumentUnsavableReadOnlyDirtyChildForIntermediate" devLabel="Child component %1% is temporarily read-only for you in a separate tab. You cannot save any changes you make during Edit In Place until you make that design savable again.&lt;br&gt;&lt;/br&gt;&lt;br&gt;&lt;/br&gt;Continue editing  %2%?&lt;br&gt;&lt;/br&gt;&lt;br&gt;&lt;/br&gt;%3%Learn More" translation="Komponent pochodny %1% jest tymczasowo tylko do odczytu na oddzielnej karcie. Nie można zapisać zmian wprowadzonych podczas edycji lokalnej, dopóki nie będzie można ponownie zapisać tego projektu. &lt;br&gt;&lt;/br&gt;&lt;br&gt;&lt;/br&gt;Kontynuować edycję %2%?&lt;br&gt;&lt;/br&gt;&lt;br&gt;&lt;/br&gt;%3%Dowiedz się więcej"/>
    <label commandName="DocumentUnsavableReadOnlyDirtyChildFotTop" devLabel="Child component %1% is temporarily read-only for you in a separate tab. You cannot save any changes you make until you make that design savable again.&lt;br&gt;&lt;/br&gt;&lt;br&gt;&lt;/br&gt;Continue editing  %2%?&lt;br&gt;&lt;/br&gt;&lt;br&gt;&lt;/br&gt;%3%Learn More" translation="Komponent pochodny %1% jest tymczasowo tylko do odczytu na oddzielnej karcie. Nie można zapisać wprowadzonych zmian, dopóki ten projekt nie zostanie ustawiony ponownie jako możliwy do zapisu.&lt;br&gt;&lt;/br&gt;&lt;br&gt;&lt;/br&gt;Kontynuować edycję %2%?&lt;br&gt;&lt;/br&gt;&lt;br&gt;&lt;/br&gt;%3%Dowiedz się więcej"/>
    <label commandName="DocumentUnsavableReadOnlyDirtyChildrenForInermediate" devLabel="Multiple child components are temporarily read-only for you in separate tabs. You cannot save any changes you make during Edit In Place until you make those designs savable again.&lt;br&gt;&lt;/br&gt;&lt;br&gt;&lt;/br&gt;Continue editing  %1%?&lt;br&gt;&lt;/br&gt;&lt;br&gt;&lt;/br&gt;%2%Learn More" translation="Wiele komponentów pochodnych jest tymczasowo tylko do odczytu dla Ciebie na oddzielnych kartach. Nie można zapisać zmian wprowadzonych podczas edycji lokalnej, dopóki te projekty nie zostaną ustawione ponownie jako możliwe do zapisu.&lt;br&gt;&lt;/br&gt;&lt;br&gt;&lt;/br&gt;Czy kontynuować edycję%1%?&lt;br&gt;&lt;/br&gt;&lt;br&gt;&lt;/br&gt;%2%Dowiedz się więcej"/>
    <label commandName="DocumentUnsavableReadOnlyDirtyChildrenForTop" devLabel="Multiple child components are temporarily read-only for you in separate tabs. You cannot save any changes you make until you make those designs savable again.&lt;br&gt;&lt;/br&gt;&lt;br&gt;&lt;/br&gt;Continue editing  %1%?&lt;br&gt;&lt;/br&gt;&lt;br&gt;&lt;/br&gt;%2%Learn More" translation="Wiele komponentów pochodnych jest tymczasowo tylko do odczytu dla Ciebie na oddzielnych kartach. Nie można zapisać żadnych wprowadzonych zmian, dopóki te projekty nie zostaną ustawione ponownie jako możliwe do zapisu.&lt;br&gt;&lt;/br&gt;&lt;br&gt;&lt;/br&gt;Czy kontynuować edycję%1%?&lt;br&gt;&lt;/br&gt;&lt;br&gt;&lt;/br&gt;%2%Dowiedz się więcej"/>
    <label commandName="DocumentUnsavableReadOnlyTop" devLabel="The assembly and all its external components are temporarily read-only for you. If you make any changes, you won’t be able to save them until you make the design savable again.&lt;br&gt;&lt;/br&gt;&lt;br&gt;&lt;/br&gt;Continue editing &lt;b&gt;%1%&lt;/b&gt;?&lt;br&gt;&lt;/br&gt;&lt;br&gt;&lt;/br&gt;%2%Learn More" translation="Zespół i wszystkie jego komponenty zewnętrzne są tymczasowo tylko do odczytu. Jeśli wprowadzisz jakiekolwiek zmiany, nie będzie można ich zapisać, dopóki ten projekt nie zostanie ustawiony ponownie jako możliwy do zapisu.&lt;br&gt;&lt;/br&gt;&lt;br&gt;&lt;/br&gt;Czy kontynuować edycję&lt;b&gt;%1%&lt;/b&gt;?&lt;br&gt;&lt;/br&gt;&lt;br&gt;&lt;/br&gt;%2%Dowiedz się więcej"/>
    <label commandName="DocumentUnsavableUnknown" devLabel="&lt;b&gt;Changes may not be savable - %1% &lt;/b&gt;&lt;br&gt;&lt;/br&gt;&lt;br&gt;&lt;/br&gt;Continue editing %1%?&lt;br&gt;&lt;/br&gt;&lt;br&gt;&lt;/br&gt;%2%Learn More" translation="&lt;b&gt;Zapisanie zmian może nie być możliwe — %1%&lt;/b&gt;&lt;br&gt;&lt;/br&gt;&lt;br&gt;&lt;/br&gt;Kontynuować edycję %1%?&lt;br&gt;&lt;/br&gt;&lt;br&gt;&lt;/br&gt;%2%Dowiedz się więcej"/>
    <label commandName="DocumentUnsavableUnknownGAL" devLabel="&lt;b&gt;Changes may not be savable - %1% &lt;/b&gt;&lt;br&gt;&lt;/br&gt;&lt;br&gt;&lt;/br&gt;Continue to Get All Latest?&lt;br&gt;&lt;/br&gt;&lt;br&gt;&lt;/br&gt;%2%Learn More" translation="&lt;b&gt;Zapisanie zmian może nie być możliwe — %1%&lt;/b&gt;&lt;br&gt;&lt;/br&gt;&lt;br&gt;&lt;/br&gt;Czy kontynuować pobieranie wszystkich najnowszych wersji?&lt;br&gt;&lt;/br&gt;&lt;br&gt;&lt;/br&gt;%2%Dowiedz się więcej"/>
    <label commandName="DocumentUnsavableUnknownGALDRS" devLabel="&lt;b&gt;Changes may not be savable - %1% &lt;/b&gt;&lt;br&gt;&lt;/br&gt;&lt;br&gt;&lt;/br&gt; %1% is temporarily read-only for you.&lt;br&gt;&lt;/br&gt;&lt;br&gt;&lt;/br&gt;After Get All Latest, you cannot save your changes to the design until you make %1% savable again.&lt;br&gt;&lt;/br&gt;&lt;br&gt;&lt;/br&gt;Continue to Get All Latest?&lt;br&gt;&lt;/br&gt;&lt;br&gt;&lt;/br&gt;%2%Learn More" translation="&lt;b&gt;Zapisanie zmian może nie być możliwe — %1%&lt;/b&gt;&lt;br&gt;&lt;/br&gt;&lt;br&gt;&lt;/br&gt;%1% jest tymczasowo tylko do odczytu. &lt;br&gt;&lt;/br&gt;&lt;br&gt;Po wykonaniu polecenia Pobierz wszystkie &lt;/br&gt;nie można zapisać zmian w projekcie, dopóki element %1% nie zostanie ponownie ustawiony jako możłiwy do zapisu.&lt;br&gt;&lt;/br&gt;&lt;br&gt;&lt;/br&gt;Kontynuować pobieranie wszystkich najnowszych?&lt;br&gt;&lt;/br&gt;&lt;br&gt;&lt;/br&gt;%2%Dowiedz się więcej"/>
    <label commandName="DynamicControlID" devLabel="DynamicControlID" translation="Идентификатор динамического элемента управления"/>
    <label commandName="EIPForceSaveWarning1" devLabel="Project members are editing parent components of &lt;b&gt;%2%&lt;/b&gt;. &lt;br&gt;&lt;br&gt;You must save your changes to &lt;b&gt;%1%&lt;/b&gt; before you can continue to &lt;b&gt;Edit In Place&lt;/b&gt; for &lt;b&gt;%2%&lt;/b&gt;. &lt;br&gt;&lt;br&gt;After &lt;b&gt;Edit In Place&lt;/b&gt;, changes to &lt;b&gt;%2%&lt;/b&gt; will not propagate through the assembly and you will not be able to save &lt;b&gt;%1%&lt;/b&gt; again until project members are no longer editing parent components. &lt;br&gt;&lt;br&gt;Save &lt;b&gt;%1%&lt;/b&gt; now, then continue to &lt;b&gt;Edit In Place&lt;/b&gt; for &lt;b&gt;%2%&lt;/b&gt;?&lt;br&gt;&lt;br&gt; %3%Learn More &lt;br&gt;" translation="Członkowie projektu edytują komponenty macierzyste &lt;b&gt;%2%&lt;/b&gt;. &lt;br&gt;&lt;br&gt;Musisz zapisać zmiany w &lt;b&gt;%1%&lt;/b&gt; przed kontynuowaniem &lt;b&gt;edycji lokalnej&lt;/b&gt; dla &lt;b&gt;%2%&lt;/b&gt;. &lt;br&gt;&lt;br&gt;Po &lt;b&gt;edycji lokalnej&lt;/b&gt; zmiany w &lt;b&gt;%2%&lt;/b&gt; nie będą propagowane przez zespół i nie będzie można ponownie zapisać &lt;b&gt;%1%&lt;/b&gt;, dopóki członkowie projektu nie będą już edytować komponentów nadrzędnych. &lt;br&gt;&lt;br&gt;Zapisać teraz &lt;b&gt;%1%&lt;/b&gt;, a następnie kontynuować &lt;b&gt;edycję lokalną&lt;/b&gt; dla &lt;b&gt;%2%&lt;/b&gt;? &lt;br&gt;&lt;br&gt; %3%Dowiedz się więcej &lt;br&gt;"/>
    <label commandName="EIPForceSaveWarning2" devLabel="&lt;b&gt;Save required - multiple designs&lt;/b&gt; &lt;br&gt;&lt;br&gt;Project members are editing parent components of %1%. &lt;br&gt;&lt;br&gt;You must save your changes to the following designs before you can continue to Edit In Place for %1%: &lt;br&gt;&lt;br&gt;%2% &lt;br&gt;After Edit In Place, changes to %1% will not propagate through the assembly and you will not be able to save these designs again until project members are no longer editing parent components. &lt;br&gt;&lt;br&gt;Save designs now, then continue to Edit In Place for %1%?&lt;br&gt;&lt;br&gt; %3%Learn More &lt;br&gt;" translation="&lt;b&gt;Wymagany zapis — wiele projektów&lt;/b&gt;&lt;br&gt;&lt;br&gt;Członkowie projektu edytują komponenty macierzyste %1%.&lt;br&gt;&lt;br&gt;Przed kontynuowaniem edycji lokalnej w celu wykonania operacji edycji lokalnej należy zapisać zmiany w następujących projektach: &lt;br&gt;&lt;br&gt;%2%&lt;br&gt;Po edycji lokalnej zmiany %1% nie będą propagowane w zespole i nie będzie można zapisać tych projektów ponownie, dopóki członkowie projektu nie przestaną edytować komponentów macierzystych.&lt;br&gt;&lt;br&gt;Zapisać projekty teraz, a następnie kontynuować edycję lokalną %1%?&lt;br&gt;&lt;br&gt; %3%Dowiedz się więcej &lt;br&gt;"/>
    <label commandName="EIPForceSaveWarning3" devLabel="&lt;b&gt;%1%&lt;/b&gt; is currently read-only in another tab, and &lt;b&gt;%2%&lt;/b&gt;  has unsaved changes.&lt;br&gt; You must save &lt;b&gt;%2%&lt;/b&gt; before continuing &lt;b&gt;Edit In Place.&lt;/b&gt;&lt;br&gt;&lt;br&gt;Save &lt;b&gt; %2% &lt;/b&gt;and continue?&lt;br&gt;&lt;/br&gt; &lt;br&gt; %3%Learn More&lt;/a&gt;" translation="&lt;b&gt;%1%&lt;/b&gt; jest obecnie tylko do odczytu na innej karcie, a &lt;b&gt;%2%&lt;/b&gt; zawiera niezapisane zmiany.&lt;br&gt; Należy zapisać &lt;b&gt;%2%&lt;/b&gt; przed kontynuowaniem &lt;b&gt;edycji lokalnej.&lt;/b&gt;&lt;br&gt;&lt;br&gt;Zapisać &lt;b&gt; %2% &lt;/b&gt;i kontynuować?&lt;br&gt;&lt;/br&gt; &lt;br&gt; %3%Dowiedz się więcej&lt;/a&gt;"/>
    <label commandName="EIPForceSaveWarning4" devLabel="Multiple child designs are temporarily read-only for you in separate tabs, and &lt;b&gt;%1%&lt;/b&gt; has unsaved changes. You must save &lt;b&gt;%1%&lt;/b&gt; before continuing Edit In Place.&lt;br&gt;&lt;br&gt;&lt;b&gt;Save %1%&lt;/b&gt; and continue, or &lt;b&gt;Cancel&lt;/b&gt;?&lt;br&gt;&lt;/br&gt; &lt;br&gt; %2%Learn More&lt;/a&gt;" translation="Wiele projektów pochodnych to pliki tymczasowe tylko do odczytu dla Ciebie na oddzielnych kartach, a &lt;b&gt;%1%&lt;/b&gt; zawiera niezapisane zmiany. Musisz zapisać &lt;b&gt;%1%&lt;/b&gt; przed kontynuowaniem edycji lokalnej. &lt;br&gt;&lt;br&gt;&lt;b&gt;Zapisać %1% &lt;/b&gt; i kontynuować, czy &lt;b&gt;anulować&lt;/b&gt;?&lt;br&gt;&lt;/br&gt; &lt;br&gt; %2%Dowiedz się więcej&lt;/a&gt;"/>
    <label commandName="EIPForceSaveWarning5" devLabel="Multiple child designs are temporarily read-only for you in separate tabs.&lt;br&gt; You have unsaved changes to following designs and you must save these designs before you can continue to Edit In Place: &lt;br&gt;&lt;b&gt;%1% &lt;/b&gt;&lt;b&gt;&lt;br&gt;Save these designs &lt;/b&gt; and continue, or &lt;b&gt;Cancel&lt;/b&gt;?&lt;br&gt;&lt;br&gt; %2%Learn More&lt;/a&gt;" translation="Wiele projektów pochodnych to tymczasowe pliki tylko do odczytu na oddzielnych kartach.&lt;br&gt; Istnieją niezapisane zmiany w następujących projektach i należy zapisać te projekty, zanim będzie można kontynuować edycję lokalną: &lt;br&gt;&lt;b&gt;%1%&lt;/b&gt;&lt;b&gt;&lt;br&gt;Zapisać te projekty &lt;/b&gt; i kontynuować, czy &lt;b&gt;anulować&lt;/b&gt;?&lt;br&gt;&lt;br&gt; %2%Dowiedz się więcej&lt;/a&gt;"/>
    <label commandName="EIPForceSaveWarning6" devLabel="&lt;b&gt;%1%&lt;/b&gt; is currently read-only for you in separate tab.&lt;br&gt;You have unsaved changes to following designs and you must save these designs before you can continue to Edit In Place: &lt;br&gt;&lt;b&gt;%2%&lt;/b&gt; &lt;br&gt;&lt;b&gt;Save these designs &lt;/b&gt;and continue, or &lt;b&gt;Cancel&lt;/b&gt;?&lt;br&gt;&lt;br&gt; %3%Learn More&lt;/a&gt;" translation="Element &lt;b&gt;%1%&lt;/b&gt; jest obecnie przeznaczony tylko do odczytu na oddzielnej karcie.&lt;br&gt;Istnieją niezapisane zmiany w następujących projektach i należy zapisać te projekty, zanim będzie można kontynuować edycję lokalną: &lt;br&gt;&lt;b&gt;%2%&lt;/b&gt;&lt;br&gt;&lt;b&gt;Zapisać te projekty &lt;/b&gt; i kontynuować, czy &lt;b&gt;anulować&lt;/b&gt;?&lt;br&gt;&lt;br&gt; %3%Dowiedz się więcej&lt;/a&gt;"/>
    <label commandName="EOTCommercialLicense" devLabel="Commercial" translation="Коммерческий"/>
    <label commandName="EOTDayLeft" devLabel=" (Expiring in 1 day)" translation="(Срок действия истекает через 1 день)"/>
    <label commandName="EOTDaysLeftSimple" devLabel=" (Expiring in %1% days)" translation="(срок действия истекает через %1% дней)"/>
    <label commandName="EOTDaysLeftUserType" devLabel=" (%1% license expires in %2% days)" translation="(лицензия %1% истекает через %2% дней)"/>
    <label commandName="EOTExpiringToday" devLabel=" (Expiring today)" translation="(Срок действия истекает сегодня)"/>
    <label commandName="EOTPersonalDayLeft" devLabel=" (%1% license expires in 1 day)" translation="(лицензия %1% истекает через 1 день)"/>
    <label commandName="EOTPersonalExpiringToday" devLabel=" (%1% license expires today)" translation="(лицензия %1% истекает сегодня)"/>
    <label commandName="EOTPersonalLicense" devLabel="Personal" translation="Персональный"/>
    <label commandName="EOTStartupLicense" devLabel="Startup" translation="Для стартапов"/>
    <label commandName="EOTStudentLicense" devLabel="Student" translation="Студент"/>
    <label commandName="EducationLicense" devLabel=" (Education License)" translation="(Образовательная лицензия)"/>
    <label commandName="EnableFFPReadOnlyCmd" devLabel="Read-Only due to folder permissions" translation="Доступно только для чтения из-за прав доступа к папке"/>
    <label commandName="EnableReadOnlyCmd" devLabel="Read-Only For Me" translation="Читать только для меня"/>
    <label commandName="ExtentType" devLabel="Extent" translation="Диапазон"/>
    <label commandName="FUSION_OPERATION_INTERRUPTED" devLabel="Operation Canceled." translation="Операция отменена."/>
    <label commandName="FeatureValues" devLabel="Feature Values" translation="Значения элементов"/>
    <label commandName="FileReserved" devLabel="&lt;b&gt;Changes may not be savable&lt;/b&gt;&lt;br&gt;&lt;/br&gt;&lt;br&gt;&lt;/br&gt;%1% is editing %2%.&lt;br&gt;&lt;/br&gt; You cannot save your changes to %2% until %1% is no longer editing it.&lt;br&gt;&lt;/br&gt;&lt;br&gt;&lt;/br&gt;Continue editing %2%?&lt;br&gt;&lt;/br&gt;&lt;br&gt;&lt;/br&gt;%3%Learn More" translation="&lt;b&gt;Изменения невозможно сохранить&lt;/b&gt;&lt;br&gt;&lt;/br&gt;&lt;br&gt;&lt;/br&gt;%1% редактирует %2%.&lt;br&gt;&lt;/br&gt; Вы не сможете сохранить изменения в %2%, пока %1% больше не перестанет его редактировать.&lt;br&gt;&lt;/br&gt;&lt;br&gt;&lt;/br&gt;Продолжить редактирование %2%?&lt;br&gt;&lt;/ br&gt;&lt;br&gt;&lt;/br&gt;%3%Подробнее"/>
    <label commandName="FreeTrial" devLabel=" (Free Trial)" translation="(бесплатная пробная версия)"/>
    <label commandName="Fusion360Default" devLabel="Fusion Default" translation="Значение по умолчанию для Fusion"/>
    <label commandName="FusionTableGroup" devLabel="" translation="Значение после прекращения поддержки Fusion"/>
    <label commandName="GALForceSaveWarning1" devLabel="&lt;b&gt;Save required - %1% &lt;/b&gt; &lt;br&gt;&lt;br&gt;Project members are editing one or more parent components. &lt;br&gt;&lt;br&gt;You must save your changes to %1% before you can use Get All Latest. &lt;br&gt;&lt;br&gt;After Get All Latest, changes will not propagate through the assembly and you will not be able to save %1% again until project members are no longer editing parent components. &lt;br&gt;&lt;br&gt;Save %1% now, then Get All Latest?&lt;br&gt;&lt;br&gt; %2%Learn More &lt;br&gt;" translation="&lt;b&gt;Требуется сохранение – %1% &lt;/b&gt; &lt;br&gt;&lt;br&gt;Участники проекта редактируют хотя бы один родительский компонент. &lt;br&gt;&lt;br&gt;Чтобы использовать команду «Получить все последние», необходимо сохранить изменения в %1%. &lt;br&gt;&lt;br&gt;После выполнения команды «Загрузить» все последние изменения не будут переданы команде, и вы не сможете снова сохранить %1%, пока участники проекта не перестанут редактировать родительские компоненты. &lt;br&gt;&lt;br&gt;Сэкономьте %1% сейчас, а затем загрузите все последние версии?&lt;br&gt;%2%Подробнее &lt;br&gt;"/>
    <label commandName="GALForceSaveWarning2" devLabel="Project members are editing one or more parent components. &lt;br&gt;&lt;br&gt;You must save your changes to the following designs before you can use &lt;b&gt;Get All Latest&lt;/b&gt;: &lt;br&gt;&lt;br&gt;&lt;b&gt;%1%&lt;/b&gt; &lt;br&gt;After &lt;b&gt;Get All Latest&lt;/b&gt;, changes will not propagate through the assembly and you will not be able to save these designs again until project members are no longer editing parent components. &lt;br&gt;&lt;br&gt;Save designs now, then &lt;b&gt;Get All Latest&lt;/b&gt;?&lt;br&gt;&lt;br&gt; %2%Learn More &lt;br&gt;" translation="Участники проекта редактируют хотя бы один родительский компонент. &lt;br&gt;&lt;br&gt;Чтобы использовать команду &lt;b&gt;Get All Latest&lt;/b&gt;, необходимо сохранить изменения в следующих проектах: &lt;br&gt;&lt;br&gt;&lt;b&gt;%1%&lt; ;br&gt; После использования &lt;b&gt;Получить все последние версии&lt;/b&gt; изменения не будут распространяться на всю команду, и вы не сможете снова сохранить эти проекты, пока участники проекта не перестанут редактировать родительские компоненты. &lt;br&gt;&lt;br&gt;Сохраните свои проекты сейчас, а затем используйте &lt;b&gt;Получить все последние версии&lt;/b&gt;?&lt;br&gt;&lt;br&gt; %2%Подробнее &lt;br&gt;"/>
    <label commandName="GALForceSaveWarning3" devLabel="&lt;b&gt;%1%&lt;/b&gt; is currently read-only for you in separate tab, and &lt;b&gt;%2%&lt;/b&gt; has unsaved changes. You must save &lt;b&gt;%2%&lt;/b&gt; before continuing Get All Latest.&lt;br&gt;&lt;br&gt;&lt;b&gt;Save  %2% &lt;/b&gt;and continue, or &lt;b&gt;Cancel&lt;/b&gt;?&lt;br&gt;&lt;/br&gt; &lt;br&gt; %3%Learn More&lt;/a&gt;" translation="&lt;б&gt; %1% &lt;/b&gt; в настоящее время доступен только для чтения на отдельной вкладке, а &lt;b&gt; %2% &lt;/b&gt; содержит несохраненные изменения. Вы должны написать &lt;b&gt; %2% &lt;/b&gt; Прежде чем приступить к операции, скачайте все последние версии. &lt;br&gt; &lt;br&gt;&lt;b&gt;Сохранить &lt;/b&gt;и продолжить или &lt;b&gt;отменить&lt;/b&gt;?&lt;br&gt;&lt;/br&gt; &lt;br&gt; %3%Подробнее&lt;/a&gt;"/>
    <label commandName="GALForceSaveWarning4" devLabel="Multiple child designs are temporarily read-only for you in separate tabs, and &lt;b&gt;%1%&lt;/b&gt; has unsaved changes. You must save &lt;b&gt;%1%&lt;/b&gt; before continuing Get All Latest.&lt;br&gt;&lt;br&gt;&lt;b&gt;Save %1%&lt;/b&gt; and continue, or &lt;b&gt;Cancel&lt;/b&gt;?&lt;br&gt;&lt;/br&gt; &lt;br&gt; %2%Learn More&lt;/a&gt;" translation="Многие дочерние проекты представляют собой временные файлы, доступные только для чтения, на отдельных вкладках, и &lt;b&gt;%1%&lt;/b&gt; содержит несохраненные изменения. Вам нужно написать &lt;b&gt;%1%&lt;/b&gt; прежде чем продолжить работу с «Получить все последние».&lt;br&gt;&lt;br&gt;&lt;b&gt;Сэкономьте %1%&lt;/b&gt; и продолжить или &lt;b&gt;отменить&lt;/b&gt;?&lt;br&gt;&lt;/br&gt; &lt;br&gt; %2%Подробнее&lt;/a&gt;"/>
    <label commandName="GALForceSaveWarning5" devLabel="Multiple child designs are temporarily read-only for you in separate tabs.&lt;br&gt; You have unsaved changes to following designs and you must save these designs before you can continue to Get All Latest: &lt;br&gt;&lt;b&gt;%1% &lt;/b&gt;&lt;b&gt;&lt;br&gt;Save these designs &lt;/b&gt; and continue, or &lt;b&gt;Cancel&lt;/b&gt;?&lt;br&gt;&lt;br&gt; %2%Learn More&lt;/a&gt;" translation=""/>
    <label commandName="GALForceSaveWarning6" devLabel="&lt;b&gt;%1%&lt;/b&gt; is currently read-only for you in separate tab.&lt;br&gt;You have unsaved changes to following designs and you must save these designs before you can continue to Get All Latest: &lt;br&gt;&lt;b&gt;%2%&lt;/b&gt; &lt;br&gt;&lt;b&gt;Save these designs &lt;/b&gt;and continue, or &lt;b&gt;Cancel&lt;/b&gt;?&lt;br&gt;&lt;br&gt; %3%Learn More&lt;/a&gt;" translation=""/>
    <label commandName="LastUsed" devLabel="Last Used" translation="Недавно использовано"/>
    <label commandName="NewerVersionAvailable" devLabel="Newer version available.  Update %1% or use Save As Latest." translation="Доступна более новая версия. Обновите %1% или используйте «Сохранить как последнюю версию»."/>
    <label commandName="NonAssociativeDueToRootDocReservation" devLabel="&lt;b&gt;Associativity for Edit In Place unavailable - %1%&lt;/b&gt;&lt;br&gt;&lt;br&gt;You cannot create assembly contexts in %1% because %2% is editing %3%, and associative changes cannot propagate through the assembly." translation="&lt;b&gt;Ассоциация недоступна для локального редактирования – %1%&lt;/b&gt;&lt;br&gt;&lt;br&gt;Невозможно создать групповые контексты в %1%, поскольку %2% редактирует %3%, и связанные изменения не может распространяться командой."/>
    <label commandName="NonAssociativeEIPDueToChildDRSReadOnlyOwnTab" devLabel="&lt;b&gt;Associativity for Edit In Place unavailable - %1%&lt;/b&gt;&lt;br&gt;&lt;br&gt;You cannot create assembly contexts in %1% right now because %2% is temporary read only for you in separate tab, and associative changes cannot propagate through the assembly." translation="&lt;b&gt;Недоступная ассоциация для локального редактирования — %1%&lt;/b&gt;&lt;br&gt;&lt;br&gt; Контексты группы теперь невозможно создать в %1%, поскольку %2% временно доступен только для чтения на отдельной вкладке , и связанные изменения не могут распространяться через сборку."/>
    <label commandName="NonAssociativeEIPDueToChildFFPReadOnlyOwnTab" devLabel="&lt;b&gt;Associativity for Edit In Place unavailable - %1%&lt;/b&gt;&lt;br&gt;&lt;br&gt;You cannot create assembly contexts in %1% right now because you have read only permission to %2%, and associative changes cannot propagate through the assembly." translation="&lt;b&gt;Недоступная ассоциация для локального редактирования – %1%&lt;/b&gt;&lt;br&gt;&lt;br&gt; Контексты групп теперь невозможно создать в %1%, поскольку у вас есть разрешения только на чтение %2%, а редактирование сборки невозможно. распространяться командой."/>
    <label commandName="NonAssociativeEIPDueToCrossTeamDesign" devLabel="&lt;b&gt;Associativity for Edit In Place unavailable - %1%&lt;/b&gt;&lt;br&gt;&lt;br&gt;You cannot create assembly contexts in %1% right now because the Assembly or its referenced design(s) are located in another team, and associative changes cannot propagate through the assembly." translation="&lt;b&gt;Недоступная ассоциация для локального редактирования – %1%&lt;/b&gt;&lt;br&gt;&lt;br&gt; Контексты сборки теперь не могут быть созданы в %1%, поскольку сборка или ее эталонные проекты находятся в другой сборке и связаны изменения не могут распространяться через сборку."/>
    <label commandName="NonAssociativeEIPDueToMultiChildsDRSReadOnlyOwnTab" devLabel="&lt;b&gt;Associativity for Edit In Place unavailable - %1%&lt;/b&gt;&lt;br&gt;&lt;br&gt;You cannot create assembly contexts in %1% right now because multiple components are temporary read only for you in separate tabs, and associative changes cannot propagate through the assembly." translation="&lt;b&gt;Недоступная ассоциация для локального редактирования – %1%&lt;/b&gt;&lt;br&gt;&lt;br&gt; Контексты сборки теперь невозможно создать в %1%, поскольку многие компоненты временно доступны только для чтения на отдельных вкладках и связаны изменения не могут распространяться через сборку."/>
    <label commandName="NonAssociativeEIPDueToMultiChildsFFPReadOnlyOwnTab" devLabel="&lt;b&gt;Associativity for Edit In Place unavailable - %1%&lt;/b&gt;&lt;br&gt;&lt;br&gt;You cannot create assembly contexts in %1% right now because you have read-only permission to one or more components, and associative changes cannot propagate through the assembly." translation="&lt;b&gt;Недоступная ассоциация для локального редактирования — %1%&lt;/b&gt;&lt;br&gt;&lt;br&gt; Контексты сборки теперь не могут быть созданы в %1%, поскольку у вас есть разрешения только на чтение для одного или нескольких компонентов, и изменения сборки не могут распространяться через сборку."/>
    <label commandName="NonAssociativeEIPDueToOlderVersionUnsavableAssembly" devLabel="&lt;b&gt;Associativity for Edit In Place unavailable - %1%&lt;/b&gt;&lt;br&gt;&lt;br&gt;You cannot create assembly contexts in %1% right now because one or more components are out of date, and associative changes cannot propagate through the assembly." translation="&lt;b&gt;Ассоциация недоступна для редактирования на месте – %1%&lt;/b&gt;&lt;br&gt;&lt;br&gt; В настоящее время невозможно создать контексты сборки в %1%, поскольку по крайней мере один компонент устарел и связанные с этим изменения не могут распространяться командой."/>
    <label commandName="NonAssociativeEIPDueToParentDRSReadOnly" devLabel="&lt;b&gt;Associativity for Edit In Place unavailable - %1%&lt;/b&gt;&lt;br&gt;&lt;br&gt;You cannot create assembly contexts in %1% right now because assembly %2% is temporary read only for you, and associative changes cannot propagate through the assembly." translation="&lt;b&gt;Недоступная ассоциация для локального редактирования — %1%&lt;/b&gt;&lt;br&gt;&lt;br&gt; Контексты сборки теперь не могут быть созданы в %1%, поскольку сборка %2% временно доступна только для чтения и связанные с ней изменения невозможны. распространяться через сборку."/>
    <label commandName="NonAssociativeEIPDueToParentFFPReadOnly" devLabel="&lt;b&gt;Associativity for Edit In Place unavailable - %1%&lt;/b&gt;&lt;br&gt;&lt;br&gt;You cannot create assembly contexts in %1% right now because assembly %2% is read only for you, and associative changes cannot propagate through the assembly." translation="&lt;b&gt;Недоступная ассоциация для локального редактирования – %1%&lt;/b&gt;&lt;br&gt;&lt;br&gt; Контексты сборки теперь не могут быть созданы в %1%, поскольку сборка %2% доступна только для чтения и не может распространять изменения в команде."/>
    <label commandName="NonAssociativeEIPDueToReadOnly" devLabel="&lt;b&gt;Associativity for Edit In Place unavailable - %1%&lt;/b&gt;&lt;br&gt;&lt;br&gt;You cannot create assembly contexts in %1% right now because you have view-only permission to one or more components, and associative changes cannot propagate through the assembly." translation="&lt;b&gt;Недоступная ассоциация для локального редактирования – %1%&lt;/b&gt;&lt;br&gt;&lt;br&gt; Контексты сборки теперь не могут быть созданы в %1%, поскольку у пользователя есть разрешение только на просмотр одного или нескольких компонентов, и связанные изменения не могут распространяться через сборку."/>
    <label commandName="NonAssociativeEIPDueToReservedUnsavableAssembly" devLabel="&lt;b&gt;Associativity for Edit In Place unavailable - %1%&lt;/b&gt;&lt;br&gt;&lt;br&gt;You cannot create assembly contexts in %1% right now because project members are editing its parent or child components, and associative changes cannot propagate through the assembly." translation="&lt;b&gt;Недоступная ассоциация для локального редактирования – %1%&lt;/b&gt;&lt;br&gt;&lt;br&gt; Контексты сборки теперь не могут быть созданы в %1%, поскольку участники проекта редактируют родительские или дочерние компоненты, и связанные изменения не могут быть выполнены. распространяться командой."/>
    <label commandName="NonAssociativeEIPDueToUnsavableAssemblyUnknownReason" devLabel="&lt;b&gt;Associativity for Edit In Place unavailable - %1%&lt;/b&gt;&lt;br&gt;&lt;br&gt;You cannot create assembly contexts in %1% right now because assembly is unsavable, and associative changes cannot propagate through the assembly." translation="&lt;b&gt;Ассоциация недоступна для редактирования на месте – %1%&lt;/b&gt;&lt;br&gt;&lt;br&gt; Контексты сборки теперь невозможно создать в %1%, поскольку невозможно сохранить команду и связанные с ней изменения продвигаться командой."/>
    <label commandName="OK" devLabel="OK" translation="OK"/>
    <label commandName="OlderVersionChildren" devLabel="Cannot consume changes to children of out-of-date components." translation="Изменения в дочерних компонентах устаревших компонентов использовать нельзя."/>
    <label commandName="OneDirection" devLabel="One Direction" translation="Одно направление"/>
    <label commandName="PathSuppressionOccurence" devLabel="Suppression" translation="Исключение"/>
    <label commandName="PersonalLicense" devLabel=" Personal (Not for Commercial Use)" translation=" RUS-FUS"/>
    <label commandName="Preset#" devLabel="Preset %1%" translation="Предустановлено %1%"/>
    <label commandName="PresetValue" devLabel="Preset Value" translation="Предустановленное значение"/>
    <label commandName="RectangularSuppressionOccurence" devLabel="Suppression" translation="Исключение"/>
    <label commandName="RemoveTCI" devLabel="Remove" translation="Удалить"/>
    <label commandName="RemoveTableButton" devLabel="Remove Selection" translation="Удалить выделеные"/>
    <label commandName="RotateXInput" devLabel="X Angle" translation="Угол X"/>
    <label commandName="RotateYInput" devLabel="Y Angle" translation="Угол Y"/>
    <label commandName="RotateZAngle" devLabel="Z Angle" translation="Угол Z"/>
    <label commandName="SaveRequiredLabel" devLabel="Save required" translation="Требуется регистрация"/>
    <label commandName="SelectionInputSimpleStyleTail" devLabel="selected" translation="Выбрано"/>
    <label commandName="SeparatorInput" devLabel="Separator" translation="Сепаратор"/>
    <label commandName="SpacingType" devLabel="Spacing" translation="Расстояние"/>
    <label commandName="StartupLicense" devLabel=" (Startup License)" translation="(Стартовая лицензия)"/>
    <label commandName="Symmetric" devLabel="Symmetric" translation="Симметрично"/>
    <label commandName="TCIMoveColumnLeft" devLabel="Move Left" translation=" влево"/>
    <label commandName="TCIMoveColumnRight" devLabel="Move Right" translation=" вправо"/>
    <label commandName="TCIMoveRowDown" devLabel="Move Down" translation=" вниз"/>
    <label commandName="TCIMoveRowUp" devLabel="Move Up" translation=" вверх"/>
    <label commandName="TCIVSepResource" devLabel="" translation=""/>
    <label commandName="TCIVSeparatorBtnInfo" devLabel="" translation=""/>
    <label commandName="TableCIWrapper" devLabel="TableCIWrapper" translation="ТаблицаCIWrapper"/>
    <label commandName="TempLicense" devLabel=" (License verification failed)" translation="(Проверка лицензии не удалась)"/>
    <label commandName="TermHasExpired" devLabel=" (Expired Subscription - Read Only)" translation="(Срок действия подписки истек – только чтение)"/>
    <label commandName="TermUnderExportControl" devLabel=" (License pending - Read Only)" translation="(Ожидание лицензии – только чтение)"/>
    <label commandName="TrialEndsToday" devLabel=" (Trial ends today)" translation="(Пробный период заканчивается сегодня)"/>
    <label commandName="TrialLeftDay" devLabel=" (Trial ends in 1 day)" translation="(Пробный период заканчивается через 1 день)"/>
    <label commandName="TrialLeftDays" devLabel=" (Trial ends in %1% days)" translation="(Пробная версия закончится через %1% дн.)"/>
    <label commandName="UGridEntryCount" devLabel="Quantity" translation="Количество"/>
    <label commandName="UGridEntryCountDesc" devLabel="Specify the number of pattern instances to create along this axis." translation="Укажите количество экземпляров узора, которые нужно создать вдоль этой оси."/>
    <label commandName="UGridGroup" devLabel="Axis 1" translation="Ось 1"/>
    <label commandName="UIOptionGroupDIName" devLabel="GeneralDI" translation="ГенеральныйDI"/>
    <label commandName="UIOptionGroupDITooltip" devLabel="Preferences controlling device independent behavior" translation="Настройки для управления поведением независимых устройств"/>
    <label commandName="VGridEntryCount" devLabel="Quantity" translation="Количество"/>
    <label commandName="VGridEntryCountDesc" devLabel="Specify the number of pattern instances to create along this axis." translation="Укажите количество экземпляров узора, которые нужно создать вдоль этой оси."/>
    <label commandName="VGridGroup" devLabel="Axis 2" translation="Ось 2"/>
    <label commandName="WantToShowDebugEnvTooltip" devLabel="Should the Debug Environment be shown" translation="Отображать ли среду отладки"/>
    <label commandName="WantToShowDebugEnvUserName" devLabel="Show Debug Environment" translation="Показать среду отладки"/>
    <label commandName="idleUserPrimaryAction" devLabel="Continue working" translation="Продолжайте работать"/>
    <label commandName="idleUserSecondaryAction" devLabel="Close Fusion" translation="Закрыть Fusion"/>
    <label commandName="idleUserTertiaryAction" devLabel="Sign Out" translation="Выйти"/>
    <label commandName="idleUserText" devLabel="Your 24-hour Flex session has finished. To avoid charging tokens for a new 24-hour session while you’re inactive, Fusion has paused.&lt;br&gt;&lt;br&gt;Decide what to do next:&lt;br&gt;&lt;br&gt;&lt;b&gt;Continue working:&lt;/b&gt;&lt;br&gt;Fusion resumes and you will be charged tokens at the daily rate.&lt;br&gt;&lt;br&gt;&lt;b&gt;Close Fusion:&lt;/b&gt;&lt;br&gt;Unsaved changes will be saved to a recovery file and Fusion closes. No tokens will be charged.&lt;br&gt;&lt;br&gt;&lt;b&gt;Sign Out:&lt;/b&gt;&lt;br&gt;Unsaved changes will be saved to a recovery file and Fusion signs out of the current user account. No tokens will be charged." translation=""/>
    <label commandName="idleUserTitle" devLabel="Are you still working in Fusion?" translation="Продолжить работу с Fusion?"/>
    <label commandName="infoCircularGirdAngleModelDesc" devLabel="Distributes pattern instances in one direction from the source object around the axis to an angle value that you specify." translation="Упорядочивает экземпляры массива в одном направлении от исходного объекта вокруг оси до указанного значения угла."/>
    <label commandName="infoCircularGirdFullModelDesc" devLabel="Distributes pattern instances 360 degrees around the axis." translation="Располагает экземпляры узора на 360 градусов вокруг оси."/>
    <label commandName="infoCircularGirdSymetricModelDesc" devLabel="Distributes pattern instances symmetrically in two directions from the source object around the axis to an angle value that you specify." translation="Упорядочивает экземпляры массива симметрично в двух направлениях от исходного объекта вокруг оси до заданного значения угла."/>
    <label commandName="infoCircularGridEntryCountDesc" devLabel="Specify the number of pattern instances to create around the axis." translation="Укажите количество экземпляров узора, которые будут созданы вокруг оси."/>
    <label commandName="infoCircularSuppressOccurenceDesc" devLabel="Displays a suppression checkbox over each pattern instance. Uncheck instances to remove them from the pattern." translation="Отображает флажок отключения для каждого экземпляра шаблона. Снимите флажок, чтобы удалить его из шаблона."/>
    <label commandName="infoExtentTypeDesc" devLabel="Distributes pattern instances evenly along the full extent of the distance value that you specify." translation="Равномерно распределяет экземпляры массива по всему диапазону указанного значения расстояния."/>
    <label commandName="infoOneDirectionDesc" devLabel="Distributes pattern instances in one direction from the source object along this axis." translation="Упорядочивает экземпляры массива в одном направлении от исходного объекта вдоль этой оси."/>
    <label commandName="infoPathSuppressOccurenceDesc" devLabel="Displays a suppression checkbox over each pattern instance. Uncheck instances to remove them from the pattern." translation="Отображает флажок отключения для каждого экземпляра шаблона. Снимите флажок, чтобы удалить его из шаблона."/>
    <label commandName="infoRectangularSuppressOccurenceDesc" devLabel="Displays a suppression checkbox over each pattern instance. Uncheck instances to remove them from the pattern." translation="Отображает флажок отключения для каждого экземпляра шаблона. Снимите флажок, чтобы удалить его из шаблона."/>
    <label commandName="infoSpacingTypeDesc" devLabel="Distributes pattern instances so that they are spaced at the distance value that you specify." translation="Упорядочивает экземпляры массива так, чтобы они располагались на указанном расстоянии."/>
    <label commandName="infoSymmetricDesc" devLabel="Distributes pattern instances symmetrically in two directions from the source object along this axis." translation="Располагает экземпляры массива симметрично в двух направлениях от исходного объекта вдоль этой оси."/>
    <label commandName="infoTotalAngleDesc" devLabel="Specify the angle value to distribute pattern instances around the axis." translation="Укажите значение угла, чтобы расположить экземпляры массива вокруг оси."/>
    <label commandName="lclzAbortCommandAndRestart" devLabel="abortCommandTransaction: " translation="прерватьКоманднуюТранзакцию:"/>
    <label commandName="lclzAbortStep" devLabel="abortStep: " translation="прерватьШаг:"/>
    <label commandName="lclzBeginCommand" devLabel="Command begin: " translation="Начало команды:"/>
    <label commandName="lclzBeginStep" devLabel="beginStep: " translation="начатьШаг:"/>
    <label commandName="lclzCloudRenderingDRSMessage" devLabel="Cannot render &quot;%1%&quot; until you save. &quot;%1%&quot; is temporarily read-only for you. Make the design savable again to save your changes." translation="«%1%» не может быть отображен до тех пор, пока не будет сохранен. «%1%» — это временный файл, доступный только для чтения. Чтобы сохранить изменения, необходимо снова сделать проект доступным для записи."/>
    <label commandName="lclzCloudRenderingDRSMultiChildROMessage" devLabel="Cannot render &quot;%1%&quot; until you save. Two or more child designs are temporarily read-only for you in other tabs. Make them savable again to save your changes to &quot;%1%&quot;." translation="«%1%» не может быть отображен до тех пор, пока не будет сохранен. Два или более дочерних проекта являются временными файлами, доступными только для чтения, на других вкладках. Снова сделайте их сохраняемыми, чтобы сохранить изменения в «%1%»."/>
    <label commandName="lclzCloudRenderingDRSSingleChildROMessage" devLabel="Cannot render &quot;%1%&quot; until you save. &quot;%2%&quot; is temporarily read-only for you in another tab . Make &quot;%2%&quot; savable again to save your changes to &quot;%1%&quot;." translation="«%1%» не может быть отображен до тех пор, пока не будет сохранен. «%2%» временно доступен только для чтения на другой вкладке. Измените свойства «%2%», включив запись, чтобы сохранить изменения в «%1%»."/>
    <label commandName="lclzCloudRenderingOtherChildROMessage" devLabel="Cannot render &quot;%1%&quot; until you save. Saving is prevented as one or more child components are read-only." translation="«%1%» не может быть отображен до тех пор, пока не будет сохранен. Запись запрещена, поскольку хотя бы один производный компонент доступен только для чтения."/>
    <label commandName="lclzCloudRenderingReadOnlyMessage" devLabel="Cannot render &quot;%1%&quot; until you save. Saving is prevented as &quot;%1%&quot; is read-only." translation="«%1%» не может быть отображен до тех пор, пока не будет сохранен. Запись невозможна, поскольку «%1%» доступен только для чтения."/>
    <label commandName="lclzCloudRenderingReservationMessage" devLabel="Design is reserved by another project member." translation="Проект зарезервирован другим участником проекта."/>
    <label commandName="lclzCommitCommandAndRestart" devLabel="commitCommandAndRestart: " translation="совершитьCommandAndRestart:"/>
    <label commandName="lclzEndCommand" devLabel="Command end: " translation="Конец команды:"/>
    <label commandName="lclzExecuteRequests" devLabel="executeRequests: " translation="выполнить запросы:"/>
    <label commandName="lclzRedoGlobalTxn" devLabel="redoGlobalTxn: " translation="redoGlobalTxn:"/>
    <label commandName="lclzRedoStep" devLabel="redoStep: " translation="повторШаг:"/>
    <label commandName="lclzResumeCommand" devLabel="Command resume: " translation="Возобновление команды:"/>
    <label commandName="lclzSuspendCommand" devLabel="Command suspend: " translation="Команда Пауза:"/>
    <label commandName="lclzUndoGlobalTxn" devLabel="undoGlobalTxn: " translation="отменитьGlobalTxn:"/>
    <label commandName="lclzUndoStep" devLabel="undoStep: " translation="отменитьШаг:"/>
    <label commandName="nullRequest" devLabel="NULL request cannot be executed" translation="NULL-запрос не может быть выполнен."/>
    <label commandName="rememberLastSettingEnvTooltip" devLabel="Remember last settings" translation="Запомнить последние настройки"/>
    <label commandName="rememberLastSettingEnvUserName" devLabel="Remember last settings" translation="Запомнить последние настройки"/>
    <label commandName="resilientSelectionToolTip" devLabel="Whether selections use entity tracking" translation="Используется ли отслеживание товаров при выборе"/>
    <label commandName="resilientSelectionUserName" devLabel="Resilient Selections" translation="Выбор устойчивости"/>
    <label commandName="BeginEIPBlockedDueToCTX" devLabel="Edit In Place unavailable &#10;Design is located in another team." translation="Редактирование на месте недоступно &#10;Проект находится в другой команде." />
    <label commandName="BeginEIPBlockedDueToCTXMoreDetails" devLabel="Edit In Place unavailable &#10;Design is located in another team: %1% &#10;%2%" translation="Редактирование на месте недоступно &#10;Проект находится в другой команде: %1% &#10;%2%" />
    <label commandName="EIPCtxActivationError1" devLabel="%1% is editing this design. &#10;Edit In Place is currently unavailable and you cannot edit assembly contexts." translation="%1% редактирует этот проект. &#10;Редактирование на месте в настоящее время недоступно, и вы не можете редактировать контексты сборки." />
    <label commandName="EIPCtxActivationError2" devLabel="You cannot edit assembly contexts in %1% &#10; because %2% is editing %3%, &#10; and associative changes cannot propagate through the assembly." translation="Вы не можете редактировать контексты сборки в %1% &#10; потому что %2% редактирует %3%, &#10; и ассоциативные изменения не могут распространяться через сборку." />
    <label commandName="EIPCtxActivationError3" devLabel="You cannot edit assembly contexts in %1% right now &#10; because project members are editing its parent or child components, &#10; and associative changes cannot propagate through the assembly." translation="Вы не можете редактировать контексты сборки в %1% сейчас &#10; потому что участники проекта редактируют его родительские или дочерние компоненты, &#10; и ассоциативные изменения не могут распространяться через сборку." />
    <label commandName="EIPCtxActivationError4" devLabel="You cannot edit assembly contexts in %1% right now &#10; because one or more components are out of date,&#10; and associative changes cannot propagate through the assembly." translation="Вы не можете редактировать контексты сборки в %1% сейчас &#10; потому что один или несколько компонентов устарели,&#10; и ассоциативные изменения не могут распространяться через сборку." />
    <label commandName="EIPCtxActivationError5" devLabel="You cannot edit assembly contexts in %1% right now &#10; because one or more components belong to different team hubs,&#10; and associative changes cannot propagate through the assembly." translation="Вы не можете редактировать контексты сборки в %1% сейчас &#10; потому что один или несколько компонентов принадлежат разным командным хабам,&#10; и ассоциативные изменения не могут распространяться через сборку." />
    <label commandName="EIPCtxActivationError6" devLabel="You cannot edit assembly contexts in %1% right now &#10; because assembly %2% is temporary read only for you,&#10; and associative changes cannot propagate through the assembly." translation="Вы не можете редактировать контексты сборки в %1% сейчас &#10; потому что сборка %2% временно доступна вам только для чтения,&#10; и ассоциативные изменения не могут распространяться через сборку." />
    <label commandName="EIPCtxActivationError6FFP" devLabel="You cannot edit assembly contexts in %1% right now &#10; because assembly %2% is read only for you,&#10; and associative changes cannot propagate through the assembly." translation="Вы не можете редактировать контексты сборки в %1% сейчас &#10; потому что сборка %2% доступна вам только для чтения,&#10; и ассоциативные изменения не могут распространяться через сборку." />
    <label commandName="EIPCtxActivationError7" devLabel="You cannot edit assembly contexts in %1% right now &#10; because %2% is temporary read only for you in separate tab,&#10; and associative changes cannot propagate through the assembly." translation="Вы не можете редактировать контексты сборки в %1% сейчас &#10; потому что %2% временно доступен вам только для чтения в отдельной вкладке,&#10; и ассоциативные изменения не могут распространяться через сборку." />
    <label commandName="EIPCtxActivationError7FFP" devLabel="You cannot edit assembly contexts in %1% right now &#10; because you have read-only permission to %2%,&#10; and associative changes cannot propagate through the assembly." translation="Вы не можете редактировать контексты сборки в %1% сейчас &#10; потому что у вас есть права только на чтение для %2%,&#10; и ассоциативные изменения не могут распространяться через сборку." />
    <label commandName="EIPCtxActivationError8" devLabel="You cannot edit assembly contexts in %1% right now &#10; because multiple components are temporary read only for you in separate tabs, &#10; and associative changes cannot propagate through the assembly." translation="Вы не можете редактировать контексты сборки в %1% сейчас &#10; потому что несколько компонентов временно доступны вам только для чтения в отдельных вкладках, &#10; и ассоциативные изменения не могут распространяться через сборку." />
    <label commandName="EIPCtxActivationError8FFP" devLabel="You cannot edit assembly contexts in %1% right now &#10; because you have read-only permission to one or more components,&#10; and associative changes cannot propagate through the assembly." translation="Вы не можете редактировать контексты сборки в %1% сейчас &#10; потому что у вас есть права только на чтение для одного или нескольких компонентов,&#10; и ассоциативные изменения не могут распространяться через сборку." />
    <label commandName="EIPCtxActivationError9" devLabel="You cannot edit assembly contexts in %1% right now  &#10; because you have view-only permission to one or more components,&#10; and associative changes cannot propagate through the assembly." translation="Вы не можете редактировать контексты сборки в %1% сейчас  &#10; потому что у вас есть права только на просмотр для одного или нескольких компонентов,&#10; и ассоциативные изменения не могут распространяться через сборку." />
    <label commandName="NotHavingControlledProjectPermission" devLabel="Cannot save changes to a design without edit permission.&#10;Contact an admin to request edit access." translation="Невозможно сохранить изменения в проекте без права редактирования.&#10;Обратитесь к администратору для запроса доступа на редактирование." />
    <label commandName="NotHavingPermission" devLabel="You have Viewer project access.&#10;Contact %1% to request Editor project access." translation="У вас есть доступ к проекту как Зритель.&#10;Обратитесь к %1% для запроса доступа к проекту как Редактор." />
    <label commandName="NotHavingPermission2" devLabel="Cannot save changes to a design with view-only permission.&#10;Contact %1% to request Editor project access." translation="Невозможно сохранить изменения в проекте с правами только на просмотр.&#10;Обратитесь к %1% для запроса доступа к проекту как Редактор." />
    <label commandName="TableTextInput" devLabel="Click Add Button" translation="Нажмите кнопку Добавить" />
    <label commandName="Close" devLabel="Close" translation="Закрыть" />
    <label commandName="DocumentIsOutOfDate" devLabel="&lt;b&gt;Document is out-of-date&lt;/b&gt;" translation="&lt;b&gt;Документ устарел&lt;/b&gt;" />
    <label commandName="DocumentIsOutOfDateElectron" devLabel="%1% is out of date. Changes you make before updating won’t be saved. You can save these changes as a new document." translation="%1% устарел. Изменения, которые вы сделаете до обновления, не будут сохранены. Вы можете сохранить эти изменения как новый документ." />
    <label commandName="FileReserved_Electron" devLabel="%1% is editing %2%. Changes you make while the document is reserved won’t be saved. You can save these changes as a new document.&lt;br&gt;&lt;/br&gt;&lt;br&gt;&lt;/br&gt;%3%Learn More" translation="%1% редактирует %2%. Изменения, которые вы сделаете, пока документ зарезервирован, не будут сохранены. Вы можете сохранить эти изменения как новый документ.&lt;br&gt;&lt;/br&gt;&lt;br&gt;&lt;/br&gt;%3%Узнать больше" />
    <label commandName="TextAreaEmptyString" devLabel="Empty string" translation="Пустая строка" />
    <label commandName="TextAreaError" devLabel="Error parsing text expression" translation="Ошибка разбора текстового выражения" />
    <label commandName="ThisDocumentIsReserved" devLabel="&lt;b&gt;This document is reserved&lt;/b&gt;" translation="&lt;b&gt;Этот документ зарезервирован&lt;/b&gt;" />
</Resource>
