<?xml version='1.0' encoding='utf-8'?>
<Resource>
	<label commandName="DeleteSMRequestFailed" devLabel="Delete Simulation Model request failed" translation="" />
	<label commandName="SimCaseCopyFailed" devLabel="An error occurred during Simulation Study copy operation." translation="" />
	<label commandName="SimCaseCopyNoConfig" devLabel="An error occurred, the source Model is not associated with a configuration." translation="" />
	<label commandName="SimCaseCopySameConfig" devLabel="Warning, the same configuration was specified." translation="" />
	<label commandName="SimCaseCopyToExistingWMFailed" devLabel="Failed to copy study to existing Working Model." translation="" />
	<label commandName="SimStudies" devLabel="Simulations" translation="" />
	<label commandName="XRefOutOfDateParentIconMessage" devLabel="The component is out of date. Update to the latest version using Get Latest in the Design workspace." translation="" />
	<label commandName="XRefOutOfDateParentIconMessage_ccy" devLabel="The component is out of date. Update to the latest change using Get Latest in the Design workspace." translation="" />
</Resource>