<?xml version='1.0' encoding='utf-8'?>
<Resource>
	<label commandName="AmbientTemperatureCmd" devLabel="Ambient Temperature" translation="" />
	<label commandName="BrowserAmbientTemperatureLabel" devLabel="Ambient Temperature" translation="" />
	<label commandName="BrowserComponentIdealizationsLabel" devLabel="Component Idealizations" translation="" />
	<label commandName="BrowserCriticalTempsLabel" devLabel="Temperature Thresholds" translation="" />
	<label commandName="BrowserEnvironmentLabel" devLabel="Environment" translation="" />
	<label commandName="FDViewModePanel" devLabel="View Results" translation="" />
	<label commandName="FECCuttingPlaneDesc1" devLabel="Hides sections of the 3D plot, along user-specified planes, to surface the data inside the model." translation="" />
	<label commandName="FECCuttingPlaneDesc2" devLabel="Use Section planes (left image) to hide sections of the data. Use Slice planes (right image) to hide all but the data on the selected slice. Create multiple cutting planes to narrow down the visualization, save them, and show/hide them as needed." translation="" />
	<label commandName="FECGuidedResultsDesc1" devLabel="Interprets the results and tells you how likely it is that electronic board components will overheat." translation="" />
	<label commandName="FECGuidedResultsDesc2" devLabel="Review the Guided Result and the associated Next Step suggestions. Click on a suggestion to make changes to the study setup." translation="" />
	<label commandName="FECInspectPanel" devLabel="Inspect" translation="" />
	<label commandName="FECPointProbesDesc1" devLabel="Query the result value for position in the global coordinate space." translation="" />
	<label commandName="FECResultsBrowserDesc1" devLabel="Lists all the results that are produced by the simulation, so you can see how your design is likely to perform under operating conditions." translation="" />
	<label commandName="FECResultsBrowserDesc2" devLabel="Review the temperature distribution across the components to see how some components are affected by others. See how the airflow affects heat dissipation and look at air and component temperature overlays for a more in-depth understanding." translation="" />
	<label commandName="FECSurfaceProbesDesc1" devLabel="Uses labels to show you critical data at surface locations of importance to you." translation="" />
	<label commandName="FECSurfaceProbesDesc2" devLabel="Probe as many points as necessary. Hover to preview the data, click the surface to attach the labels, and select OK to save the probe locations." translation="" />
	<label commandName="FanAttributeDuplicatedBodyLoad" devLabel="A fan load already exists for the selected body. Please choose a different body, or edit the existing load" translation="" />
	<label commandName="HeatSinkAttributeDuplicatedBodyLoad" devLabel="A heat transfer load already exists for the selected body. Please choose a different body, or edit the existing load" translation="" />
	<label commandName="InternalHeatAttributeDuplicatedBodyLoad" devLabel="A suppressed thermal load already exists for the selected body. Please choose a different body, or edit the existing load" translation="" />
	<label commandName="QSimStudyDialog__IWantToFluidDynamics" devLabel="What is the temperature of the components on my circuit board, as a result of the thermal loads generated by electrical bodies and the air flow in the enclosure? " translation="" />
	<label commandName="ResultsViewsPanel" devLabel="Display" translation="" />
	<label commandName="SimAmbientTemperatureBrowserEntry1BodyTooltip" devLabel="1 body" translation="" />
	<label commandName="SimAmbientTemperatureBrowserEntry1SickBodyTooltip" devLabel="1 body is missing" translation="" />
	<label commandName="SimAmbientTemperatureBrowserEntryNBodyTooltip" devLabel="%1% bodies" translation="" />
	<label commandName="SimAmbientTemperatureBrowserEntryNSickBodyTooltip" devLabel="%1% bodies are missing" translation="" />
	<label commandName="SimAmbientTemperatureCmdDesc1" devLabel="Sets the temperature of the air surrounding the model, which influences the temperature that the components might reach." translation="" />
	<label commandName="SimAmbientTemperatureCmdDesc2" devLabel="By default, the ambient temperature is set to 25C. Make sure to edit this value if the environment is hotter, or colder, than this default." translation="" />
	<label commandName="SimAmbientTemperatureCommand" devLabel="Ambient Temperature" translation="" />
	<label commandName="SimAmbientTemperatureCommandInput" devLabel="Temperature" translation="" />
	<label commandName="SimAmbientTemperatureUnitsEnabler" devLabel="Change Units" translation="" />
	<label commandName="SimAmbientTemperatureUnitsSwitcher" devLabel="Units" translation="" />
	<label commandName="SimAnimatePanel" devLabel="Animate" translation="" />
	<label commandName="SimAnsysPanel" devLabel="ANSYS" translation="" />
	<label commandName="SimCommandUnitSystemName" devLabel="Override Unit System" translation="" />
	<label commandName="SimCompareLayoutsPanel" devLabel="Layouts" translation="" />
	<label commandName="SimComparePanel" devLabel="COMPARE" translation="" />
	<label commandName="SimCoolingPanel" devLabel="Cooling" translation="" />
	<label commandName="SimCriticalTemperatureBrowserEntry1Body" devLabel="1 body" translation="" />
	<label commandName="SimCriticalTemperatureBrowserEntry1BodyTooltip" devLabel="1 body" translation="" />
	<label commandName="SimCriticalTemperatureBrowserEntry1LostBody" devLabel="1 missing" translation="" />
	<label commandName="SimCriticalTemperatureBrowserEntry1SickBody" devLabel="1 sick" translation="" />
	<label commandName="SimCriticalTemperatureBrowserEntry1SickBodyTooltip" devLabel="1 body is missing" translation="" />
	<label commandName="SimCriticalTemperatureBrowserEntryNBody" devLabel="%1% bodies" translation="" />
	<label commandName="SimCriticalTemperatureBrowserEntryNBodyTooltip" devLabel="%1% bodies" translation="" />
	<label commandName="SimCriticalTemperatureBrowserEntryNLostBody" devLabel="%1% missing" translation="" />
	<label commandName="SimCriticalTemperatureBrowserEntryNSickBody" devLabel="%1% sick" translation="" />
	<label commandName="SimCriticalTemperatureBrowserEntryNSickBodyTooltip" devLabel="%1% bodies are missing" translation="" />
	<label commandName="SimCriticalTemperaturesPanel" devLabel="Thresholds" translation="" />
	<label commandName="SimEditAmbientTemperatureCommand" devLabel="Edit Ambient Temperature" translation="" />
	<label commandName="SimEditFDCriticalTemperatureCmdDef" devLabel="Edit Temperature Thresholds" translation="" />
	<label commandName="SimEditFDInternalHeatAttributeCommand" devLabel="Edit Thermal Load" translation="" />
	<label commandName="SimEditFanAttributeCommand" devLabel="Edit Fan" translation="" />
	<label commandName="SimEditHeatSinkAttributeCommand" devLabel="Edit Heat Sink" translation="" />
	<label commandName="SimEmptyStudyName" devLabel="Name of Study is empty" translation="" />
	<label commandName="SimEnvironmentPanel" devLabel="Environment" translation="" />
	<label commandName="SimFDCriticalTemperatureCmdDef" devLabel="Temperature Thresholds" translation="" />
	<label commandName="SimFDCriticalTemperatureCmdNoSimCase" devLabel="No active simulation study!" translation="" />
	<label commandName="SimFDCriticalTemperatureDlgCriticalTemperature" devLabel="Maximum Temperature" translation="" />
	<label commandName="SimFDCriticalTemperatureDlgName" devLabel="Name" translation="" />
	<label commandName="SimFDCriticalTemperatureDlgReset" devLabel="" translation="" />
	<label commandName="SimFDCriticalTemperatureDlgResetToolTip" devLabel="Reset" translation="" />
	<label commandName="SimFDCriticalTemperatureDlgView" devLabel="View" translation="" />
	<label commandName="SimFDCriticalTemperatureDlgViewAllBodies" devLabel="All Bodies" translation="" />
	<label commandName="SimFDCriticalTemperatureDlgViewNotDefined" devLabel="Not Defined" translation="" />
	<label commandName="SimFDCriticalTemperatureDlgViewUserDefined" devLabel="User Defined" translation="" />
	<label commandName="SimFDCriticalTemperaturesDialogName" devLabel="Temperature Thresholds" translation="" />
	<label commandName="SimFDCriticalTemperaturesDlgWindowTitle" devLabel="Temperature Thresholds" translation="" />
	<label commandName="SimFDCriticalTemperaturesSearchAllBodies" devLabel="Search All Bodies..." translation="" />
	<label commandName="SimFDCriticalTemperaturesSearchNotDefined" devLabel="Search Not Defined..." translation="" />
	<label commandName="SimFDCriticalTemperaturesSearchUserDefined" devLabel="Search User Defined..." translation="" />
	<label commandName="SimFDCriticalTemperaturesSelectionCommandInput" devLabel="Selection" translation="" />
	<label commandName="SimFDCriticalTemperaturesSetupWidgetInput" devLabel="Setup" translation="" />
	<label commandName="SimFDRiskScaleModeCmd" devLabel="Risk Scale" translation="" />
	<label commandName="SimFDSectionModeCmd" devLabel="Section" translation="" />
	<label commandName="SimFDTemperatureScaleModeCmd" devLabel="Temperature Scale" translation="" />
	<label commandName="SimFDThermalLoadAttributeCommand" devLabel="Thermal Loads" translation="" />
	<label commandName="SimFDThermalLoadInternalHeatCmdDesc1" devLabel="Assigns user-defined thermal loads to selected bodies to establish the heat sources that impact the temperature of adjacent bodies under operating conditions." translation="" />
	<label commandName="SimFDThermalLoadInternalHeatCmdDesc2" devLabel="Assign the load as a total value, or on a  per-unit-volume basis. Internal heat load attributes assigned in the Electronics workspace are copied, automatically to the electronics cooling study." translation="" />
	<label commandName="SimFECFinishCompareCmd" devLabel="Finish Compare" translation="" />
	<label commandName="SimFECV2ResultsNow" devLabel="The results have not been computed yet.&#10;Would you like to compute the results now?" translation="" />
	<label commandName="SimFECV2ResultsNowTitle" devLabel="View Results" translation="" />
	<label commandName="SimFECWebViewDataError" devLabel="Error: Unable to access result data." translation="" />
	<label commandName="SimFECWebViewerCmd" devLabel="Simulation Results" translation="" />
	<label commandName="SimFanAttributeCommand" devLabel="Fan" translation="" />
	<label commandName="SimFanAttributeCoolingFan" devLabel="Fan" translation="" />
	<label commandName="SimFanAttributeCurveMagnitude" devLabel="Curve Magnitude" translation="" />
	<label commandName="SimFanAttributeDirection" devLabel="Flip Direction" translation="" />
	<label commandName="SimFanAttributeDirectionAngle" devLabel="Angle (delta)" translation="" />
	<label commandName="SimFanAttributeDirectionAutomatic" devLabel="Automatic" translation="" />
	<label commandName="SimFanAttributeDirectionReference" devLabel="Reference" translation="" />
	<label commandName="SimFanAttributeDirectionType" devLabel="Direction Type" translation="" />
	<label commandName="SimFanAttributeFlipSide" devLabel="Flip Side" translation="" />
	<label commandName="SimFanAttributeMagnitude" devLabel="Flow Rate" translation="" />
	<label commandName="SimFanAttributeSelectBody" devLabel="Select Fan (1 body)" translation="" />
	<label commandName="SimFanAttributeSelectNextBody" devLabel="Select next Fan body (optional)" translation="" />
	<label commandName="SimFanAttributeTransformInput" devLabel="Direction" translation="" />
	<label commandName="SimFanAttributeUnitsType" devLabel="Units" translation="" />
	<label commandName="SimFanAttributeX" devLabel="Qx" translation="" />
	<label commandName="SimFanAttributeXYZDirectionComponents" devLabel="Vectors (x, y, z)" translation="" />
	<label commandName="SimFanAttributeY" devLabel="Qy" translation="" />
	<label commandName="SimFanAttributeZ" devLabel="Qz" translation="" />
	<label commandName="SimFanAttributesReferenceInput" devLabel="Reference" translation="" />
	<label commandName="SimFanAttributesUnitsSwitcher" devLabel="Change Units" translation="" />
	<label commandName="SimFanCmdDesc1" devLabel="Defines fans and their flow rates, and automatically simplifies complex geometries to reduce the analysis time while maintaining solution accuracy." translation="" />
	<label commandName="SimFanCmdDesc2" devLabel="Select all the bodes that make up the fan design. Selected bodies are shown in blue, the air volume is indicated in green, and the arrow indicates the flow direction." translation="" />
	<label commandName="SimFinishComparePanel" devLabel="Finish Compare" translation="" />
	<label commandName="SimFinishFluidDynamicsWebViewerPanel" devLabel="Finish Results" translation="" />
	<label commandName="SimFinishWebViewerPanel" devLabel="Finish Results" translation="" />
	<label commandName="SimFluidDynamics" devLabel="Electronics Cooling" translation="" />
	<label commandName="SimFluidDynamicsAccuracy" devLabel="Accuracy" translation="" />
	<label commandName="SimFluidDynamicsAttributesFanTipsAndTricksDesc" devLabel="You can window select multiple fan bodies. Edit or Delete Fan settings from the Fan item in the Browser." translation="" />
	<label commandName="SimFluidDynamicsAttributesFanTipsAndTricksTips" devLabel="Select all the bodies that represent a single fan. For the analysis the fan is simplified, as symbolically represented by the green prismatic cylinder superimposed on your model during the Fan load setup. For each selection of multiple bodies, the resulting simplified green cylinder represents a single fan. Change the flow direction using the Direction Type." translation="" />
	<label commandName="SimFluidDynamicsAttributesFanTipsAndTricksTitle" devLabel="Fan Information" translation="" />
	<label commandName="SimFluidDynamicsAttributesHeatSinkTipsAndTricksDesc" devLabel="PLACEHOLDER" translation="" />
	<label commandName="SimFluidDynamicsAttributesHeatSinkTipsAndTricksTips" devLabel="PLACEHOLDER" translation="" />
	<label commandName="SimFluidDynamicsAttributesHeatSinkTipsAndTricksTitle" devLabel="Heat Transfer Information" translation="" />
	<label commandName="SimFluidDynamicsAttributesInternalHeatTipsAndTricksDesc" devLabel="Only Internal Heat load types are supported.&lt;br&gt;Click &lt;b&gt;Change Heat Units&lt;/b&gt; to specify a unique unit for this Load.&lt;br&gt;Toggle&lt;b&gt; Unit Volume&lt;/b&gt; to allow per-unit volume assignment." translation="" />
	<label commandName="SimFluidDynamicsAttributesInternalHeatTipsAndTricksTips" devLabel="Select one or more bodies where the load will be placed." translation="" />
	<label commandName="SimFluidDynamicsAttributesInternalHeatTipsAndTricksTitle" devLabel="Internal Heat Information" translation="" />
	<label commandName="SimFluidDynamicsCaseName" devLabel="Name" translation="" />
	<label commandName="SimFluidDynamicsDesc" devLabel="Use the Electronics Cooling study type to determine whether your electrical bodies will exceed the maximum allowable temperature given natural air convection or a fan." translation="" />
	<label commandName="SimFluidDynamicsGeneralGroup" devLabel="General" translation="" />
	<label commandName="SimFluidDynamicsNotApplicable" devLabel="N/A" translation="" />
	<label commandName="SimFluidDynamicsSolveAccurate" devLabel="Accurate" translation="" />
	<label commandName="SimFluidDynamicsSolveFast" devLabel="Fast" translation="" />
	<label commandName="SimFluidDynamicsWebViewerCmd" devLabel="Simulation Results" translation="" />
	<label commandName="SimFluidDynamicsWebViewerPanel" devLabel="Results" translation="" />
	<label commandName="SimGeometrySimplifierFlag" devLabel="Simplify" translation="" />
	<label commandName="SimHeatLoadsPanel" devLabel="Loads" translation="" />
	<label commandName="SimHeatSinkAttributeCmdBodies" devLabel="Bodies" translation="" />
	<label commandName="SimHeatSinkAttributeCmdSelectedEntities" devLabel="Selections" translation="" />
	<label commandName="SimHeatSinkAttributeCommand" devLabel="Heat Sink" translation="" />
	<label commandName="SimHeatSinkAttributeCoolingFan" devLabel="Heat Sink" translation="" />
	<label commandName="SimHeatSinkAttributeCurveMagnitude" devLabel="Curve Magnitude" translation="" />
	<label commandName="SimHeatSinkAttributeDirection" devLabel="Flip Direction" translation="" />
	<label commandName="SimHeatSinkAttributeDirectionAngle" devLabel="Angle (delta)" translation="" />
	<label commandName="SimHeatSinkAttributeDirectionAutomatic" devLabel="Automatic" translation="" />
	<label commandName="SimHeatSinkAttributeDirectionReference" devLabel="Reference" translation="" />
	<label commandName="SimHeatSinkAttributeDirectionType" devLabel="Direction Type" translation="" />
	<label commandName="SimHeatSinkAttributeFlipSide" devLabel="Flip Side" translation="" />
	<label commandName="SimHeatSinkAttributeMagnitude" devLabel="Fin Gap Size" translation="" />
	<label commandName="SimHeatSinkAttributeSelectBody" devLabel="Select Heat Sink (1 body)" translation="" />
	<label commandName="SimHeatSinkAttributeSelectNextBody" devLabel="Select next Heat Sink body (optional)" translation="" />
	<label commandName="SimHeatSinkAttributeTransformInput" devLabel="Direction" translation="" />
	<label commandName="SimHeatSinkAttributeUnitsType" devLabel="Units" translation="" />
	<label commandName="SimHeatSinkAttributeX" devLabel="Qx" translation="" />
	<label commandName="SimHeatSinkAttributeXYZDirectionComponents" devLabel="Vectors (x, y, z)" translation="" />
	<label commandName="SimHeatSinkAttributeY" devLabel="Qy" translation="" />
	<label commandName="SimHeatSinkAttributeZ" devLabel="Qz" translation="" />
	<label commandName="SimHeatSinkAttributesReferenceInput" devLabel="Reference" translation="" />
	<label commandName="SimHeatSinkAttributesUnitsSwitcher" devLabel="Change Units" translation="" />
	<label commandName="SimHeatSinkCmdDesc1" devLabel="Defines the heat sink and created an idealized representation of the extruded heat sink design, to reduce the analysis time while maintaining solution accuracy." translation="" />
	<label commandName="SimHeatSinkCmdDesc2" devLabel="Model your heat sink so that the direction of the fins, and the gap between them, are invariant. Ensure the heat sink is aligned with the model coordinate system." translation="" />
	<label commandName="SimInchImperialUnitSystemName" devLabel="U.S. (in)" translation="" />
	<label commandName="SimInspectPanel" devLabel="Inspect" translation="" />
	<label commandName="SimLoadSelectLocationForLoad" devLabel="Select location(s) for load (face, edge or vertex)." translation="" />
	<label commandName="SimManagePanel" devLabel="Manage" translation="" />
	<label commandName="SimMaterialsPanel" devLabel="Materials" translation="" />
	<label commandName="SimMeshDisplayPanel" devLabel="Display" translation="" />
	<label commandName="SimOptionsPanel" devLabel="Options" translation="" />
	<label commandName="SimResultsManagePanel" devLabel="Manage" translation="" />
	<label commandName="SimSICustomUnitSystemName" devLabel="Custom" translation="" />
	<label commandName="SimSIMetricUnitSystemName" devLabel="Metric (SI)" translation="" />
	<label commandName="SimSelectPanel" devLabel="Select" translation="" />
	<label commandName="SimSettingsGeneral" devLabel="Settings" translation="" />
	<label commandName="SimSimplifyPanel" devLabel="Simplify" translation="" />
	<label commandName="SimSolvePanel" devLabel="Solve" translation="" />
	<label commandName="SimStudyPanel" devLabel="Study" translation="" />
	<label commandName="SimSynchronizePanel" devLabel="Synchronize" translation="" />
	<label commandName="SimUnitPercentage" devLabel="Percentage" translation="" />
	<label commandName="SimUnitPieces" devLabel="Pieces" translation="" />
	<label commandName="SimUnitsAcceleration" devLabel="Acceleration" translation="" />
	<label commandName="SimUnitsAngle" devLabel="Angle" translation="" />
	<label commandName="SimUnitsCurrent" devLabel="Current" translation="" />
	<label commandName="SimUnitsElectricalResistance" devLabel="Electrical Resistance" translation="" />
	<label commandName="SimUnitsEnergy" devLabel="Energy" translation="" />
	<label commandName="SimUnitsForce" devLabel="Force" translation="" />
	<label commandName="SimUnitsLength" devLabel="Length" translation="" />
	<label commandName="SimUnitsMass" devLabel="Mass" translation="" />
	<label commandName="SimUnitsPower" devLabel="Power" translation="" />
	<label commandName="SimUnitsPressure" devLabel="Pressure" translation="" />
	<label commandName="SimUnitsTemprature" devLabel="Temperature" translation="" />
	<label commandName="SimUnitsTime" devLabel="Time" translation="" />
	<label commandName="SimUnitsVelocity" devLabel="Velocity" translation="" />
	<label commandName="SimUnitsViscosity" devLabel="Viscosity" translation="" />
	<label commandName="SimUnitsVoltage" devLabel="Voltage" translation="" />
	<label commandName="SimUnitsVolumeFlowRate" devLabel="Flow Rate" translation="" />
	<label commandName="SimV2ResultsNow" devLabel="The results have not been computed yet.&#10;Would you like to compute the results now?" translation="" />
	<label commandName="SimV2ResultsNowTitle" devLabel="View Results" translation="" />
	<label commandName="SimViewsPanel" devLabel="Display" translation="" />
	<label commandName="SimWebViewDataError" devLabel="Error: Unable to access result data." translation="" />
	<label commandName="SimusedStudyName" devLabel="Name of Study is already used!" translation="" />
	<label commandName="ViewModePanel" devLabel="View Results" translation="" />
	<label commandName="ViewerComparePanel" devLabel="Compare" translation="" />
	<label commandName="ViewerDisplayPanel" devLabel="Display" translation="" />
	<label commandName="ViewerLayoutsPanel" devLabel="Layouts" translation="" />
	<label commandName="ViewerReportPanel" devLabel="Report" translation="" />
	<label commandName="ViewerSyncPanel" devLabel="Synchronize" translation="" />
	<label commandName="WebViewerPanel" devLabel="Results" translation="" />
	<label commandName="lclzDebugTab" devLabel="DEBUG" translation="" />
	<label commandName="lclzDeformation" devLabel="DEFORMATION" translation="" />
	<label commandName="lclzDiagnosticsPanel" devLabel="Diagnostics" translation="" />
	<label commandName="lclzFECResultsViewerTab" devLabel="RESULTS" translation="" />
	<label commandName="lclzFilePanel" devLabel="File" translation="" />
	<label commandName="lclzFinishResultsPanel" devLabel="Finish Results" translation="" />
	<label commandName="lclzFinishSimComparePanel" devLabel="Finish Compare" translation="" />
	<label commandName="lclzResultTools" devLabel="RESULT TOOLS" translation="" />
	<label commandName="lclzResultsViewerTab" devLabel="RESULTS" translation="" />
	<label commandName="lclzSelectionPriorityCommands" devLabel="Selection Priority" translation="" />
	<label commandName="lclzSelectionTools" devLabel="Selection Tools" translation="" />
	<label commandName="lclzSimCriticalTemperaturesCmdDesc1" devLabel="Assigns a user-defined maximum safe operating temperature to selected board components, to see how likely it is that the components overheat under operating conditions." translation="" />
	<label commandName="lclzSimCriticalTemperaturesCmdDesc2" devLabel="Specify a temperature threshold on at least one board component to generate the Threshold result and Guided Result. Maximum temperature attributes assigned in the Electronics workspace are copied, automatically, to the electronics cooling study." translation="" />
	<label commandName="lclzSimCriticalTemperaturesTipsAndTricksTips" devLabel="View and edit the temperature threshold settings on each body." translation="" />
	<label commandName="lclzSimCriticalTemperaturesTipsAndTricksTitle" devLabel="Temperature Thresholds Information" translation="" />
	<label commandName="lclzSimFDRiskScaleCommandDesc1" devLabel="Shows how likely a PCB body is to exceed its temperature threshold and overheat." translation="" />
	<label commandName="lclzSimFDRiskScaleCommandDesc2" devLabel="To create this result, set the Temperature threshold on bodies of interest during the study set up. Only bodies with a temperature threshold assigned to them are shown in this view." translation="" />
	<label commandName="lclzSimFDRiskScaleCommandTipsAndTricksDesc" devLabel="Activate Risk Scale viewing mode." translation="" />
	<label commandName="lclzSimFDRiskScaleCommandTipsAndTricksTips" devLabel="Activate Risk Scale viewing mode." translation="" />
	<label commandName="lclzSimFDRiskScaleCommandTipsAndTricksTitle" devLabel="Risk Scale" translation="" />
	<label commandName="lclzSimFDSectionModeCommandDesc1" devLabel="Shows the internal temperatures of bodies, as well as the temperature and velocity of the air surrounding them." translation="" />
	<label commandName="lclzSimFDSectionModeCommandDesc2" devLabel="Create section planes to view the internal temperatures of bodies. Move and rotate the section planes along the plane to identify the best location for them. Switch between air temperature and air velocity." translation="" />
	<label commandName="lclzSimFDSectionModeCommandTipsAndTricksDesc" devLabel="Activate Section viewing mode." translation="" />
	<label commandName="lclzSimFDSectionModeCommandTipsAndTricksTips" devLabel="Activate Section viewing mode." translation="" />
	<label commandName="lclzSimFDSectionModeCommandTipsAndTricksTitle" devLabel="Section" translation="" />
	<label commandName="lclzSimFDTemperatureScaleCommandDesc1" devLabel="Shows the temperature of all model bodies, such as PCB bodies, boards, and enclosures, that fall within the range of interest." translation="" />
	<label commandName="lclzSimFDTemperatureScaleCommandDesc2" devLabel="Use the Range of interest slider on the legend to alter the temperature at which bodies are included in this view." translation="" />
	<label commandName="lclzSimFDTemperatureScaleCommandTipsAndTricksDesc" devLabel="Activate Temperature Scale viewing mode." translation="" />
	<label commandName="lclzSimFDTemperatureScaleCommandTipsAndTricksTips" devLabel="Activate Temperature Scale viewing mode." translation="" />
	<label commandName="lclzSimFDTemperatureScaleCommandTipsAndTricksTitle" devLabel="Temperature Scale" translation="" />
	<label commandName="lclzSimFECWebViewerCmd1" devLabel="Shows color plots of component temperatures, surrounding air temperature, and air velocity data." translation="" />
	<label commandName="lclzSimFECWebViewerCmd2" devLabel="View Guided Results to see guidance on result interpretation and Next Steps. View the Results list to study different aspects of the simulation data in more depth." translation="" />
	<label commandName="lclzSimFluidDynamicsAttributesInternalHeatTipsAndTricksDesc" devLabel="When a temperature threshold is defined, any body operating above the temperature threshold are displayed as At Risk in the Results view. The maximum temperature across a body is reported as its operating temperature.&lt;br&gt;&lt;br&gt;All bodies participate in the solve, however not all bodies are required to have a temperature threshold.&lt;br&gt;&lt;br&gt;Temperature threshold attributes assigned in the Electronics workspace are copied, automatically, to the electronics cooling study. Adjustments made in the electronics cooling study are not reflected back in the Electronics workspace." translation="" />
	<label commandName="lclzSimFluidDynamicsWebViewerCmd1" devLabel="Shows color plots of component temperatures, surrounding air temperature, and air velocity data." translation="" />
	<label commandName="lclzSimFluidDynamicsWebViewerCmd2" devLabel="View Guided Results to see guidance on result interpretation and Next Steps. View the Results list to study different aspects of the simulation data in more depth." translation="" />
	<label commandName="lclzSimSetupTab" devLabel="SETUP" translation="" />
	<label commandName="lclzUIDemo" devLabel="UI Demo" translation="" />
	<label commandName="lclzViewerCompareTab" devLabel="COMPARE" translation="" />
</Resource>