<?xml version='1.0' encoding='utf-8'?>
<Resource>
	<label commandName="QSimStudyDialog__IWantToThermalSteady" devLabel="How is the temperature distributed throughout my design when it is heated or cooled?" translation="" />
	<label commandName="ResultsCommand" devLabel="Simulation Results" translation="" />
	<label commandName="SimAutoRefinementsControlCustomLabel" devLabel="Custom" translation="" />
	<label commandName="SimAutoRefinementsControlHighLabel" devLabel="High" translation="" />
	<label commandName="SimAutoRefinementsControlLowLabel" devLabel="Low" translation="" />
	<label commandName="SimAutoRefinementsControlMediumLabel" devLabel="Medium" translation="" />
	<label commandName="SimAutoRefinementsControlNoneLabel" devLabel="None" translation="" />
	<label commandName="SimAutoRefinementsControlRefinementControlLabel" devLabel="Refinement Control" translation="" />
	<label commandName="SimCaseName" devLabel="Name" translation="" />
	<label commandName="SimCommandUnitSystemName" devLabel="Override Unit System" translation="" />
	<label commandName="SimConvergenceSectionLabel" devLabel="Adaptive Mesh Refinement" translation="" />
	<label commandName="SimConvergenceTargetLabel" devLabel="Results Convergence Tolerance (%)" translation="" />
	<label commandName="SimConvergenceTargetTooltip" devLabel="The % difference between consecutive iteration results that will trigger the refinement process to stop." translation="" />
	<label commandName="SimDisplayResultsCommmand" devLabel="Display model using calculated results." translation="" />
	<label commandName="SimEmptyStudyName" devLabel="Name of Study is empty" translation="" />
	<label commandName="SimGeneralSectionLabel" devLabel="General" translation="" />
	<label commandName="SimGenerativeAdditiveMethodGroup" devLabel="Additive" translation="" />
	<label commandName="SimGenerativeAllMethodssGroup" devLabel="All methods" translation="" />
	<label commandName="SimGenerativeCuttingMethodGroup" devLabel="2-axis Cutting" translation="" />
	<label commandName="SimGenerativeDieCastingMethodGroup" devLabel="Casting" translation="" />
	<label commandName="SimGenerativeMillingMethodGroup" devLabel="Milling" translation="" />
	<label commandName="SimGenerativeUnrestrictedMethodGroup" devLabel="Unrestricted" translation="" />
	<label commandName="SimGlobalInitialTemperature" devLabel="Global Initial Temperature" translation="" />
	<label commandName="SimGlobalInitialTemperatureTooltip" devLabel="A blank field means 20 deg. C or the max defined by any applied Radiation Load." translation="" />
	<label commandName="SimHeatFlux" devLabel="Heat Flux" translation="" />
	<label commandName="SimInchImperialUnitSystemName" devLabel="U.S. (in)" translation="" />
	<label commandName="SimInvalidValue" devLabel="There are some invalid values!" translation="" />
	<label commandName="SimLSSAutoContactType" devLabel="Default Contact Type" translation="" />
	<label commandName="SimLSSAutoContactTypeTooltip" devLabel="Default contact type." translation="" />
	<label commandName="SimLSSGenerateAutoContacts" devLabel="Generate Automatic Contacts" translation="" />
	<label commandName="SimLSSGenerateAutoContactsTooltip" devLabel="Generate automatic contacts during solve." translation="" />
	<label commandName="SimLSSResultsToConvergeLabel" devLabel="Results for Baseline Accuracy" translation="" />
	<label commandName="SimLSSResultsToConvergeTooltip" devLabel="Which result type to use for calculating convergence criteria." translation="" />
	<label commandName="SimMaximumRefinementsLabel" devLabel="Maximum Number of Mesh Refinements" translation="" />
	<label commandName="SimMaximumRefinementsTooltip" devLabel="The number of iterative h and p refinements made to attempt results convergence." translation="" />
	<label commandName="SimNastranAutoContactCAPTOL" devLabel="Tolerance" translation="" />
	<label commandName="SimNastranAutoContactCAPTOLTooltip" devLabel="Tolerance." translation="" />
	<label commandName="SimNastranAutoContactSFACT" devLabel="Stiffness Factor" translation="" />
	<label commandName="SimNastranAutoContactSFACTTooltip" devLabel="Stiffness Factor." translation="" />
	<label commandName="SimNastranPenetrationSurfaceOffset" devLabel="Penetration surface offset" translation="" />
	<label commandName="SimNastranPenetrationSurfaceOffsetTooltip" devLabel="Penetration surface offset." translation="" />
	<label commandName="SimNastran_CONTACTGENERATE_MAXAD" devLabel="Maximum Activation Distance" translation="" />
	<label commandName="SimRefinementTresholdLabel" devLabel="Portion of Elements to Refine (%)" translation="" />
	<label commandName="SimRefinementTresholdTooltip" devLabel="Only areas of the model within this percentage of the maximum result will be refined and iterated." translation="" />
	<label commandName="SimSICustomUnitSystemName" devLabel="Custom" translation="" />
	<label commandName="SimSIMetricUnitSystemName" devLabel="Metric (SI)" translation="" />
	<label commandName="SimSmallMeshSize" devLabel="An overly fine mesh (&lt;3%) leads to high memory consumption computation with no guarantee of better results. Instead, you may be interested in using Adaptive Mesh Refinement to refine the mesh only in critical areas. &#10;&#10;Do you want to continue?" translation="" />
	<label commandName="SimTStressAverageElementSizeAftText" devLabel=" % of model size" translation="" />
	<label commandName="SimTStressAverageElementSizeText" devLabel="Average Element Size is " translation="" />
	<label commandName="SimTemperature" devLabel="Temperature" translation="" />
	<label commandName="SimThermalContactGeneration" devLabel="Contacts" translation="" />
	<label commandName="SimThermalSteady" devLabel="Thermal" translation="" />
	<label commandName="SimThermalSteadyDesc" devLabel="Determine how the model responds to Heat Loads and Thermal Boundary Conditions under steady state conditions.&lt;br&gt;&lt;br&gt;The Results include Temperatures and Heat Flux." translation="" />
	<label commandName="SimUnitPercentage" devLabel="Percentage" translation="" />
	<label commandName="SimUnitPieces" devLabel="Pieces" translation="" />
	<label commandName="SimUnitsAcceleration" devLabel="Acceleration" translation="" />
	<label commandName="SimUnitsAngle" devLabel="Angle" translation="" />
	<label commandName="SimUnitsCurrent" devLabel="Current" translation="" />
	<label commandName="SimUnitsElectricalResistance" devLabel="Electrical Resistance" translation="" />
	<label commandName="SimUnitsEnergy" devLabel="Energy" translation="" />
	<label commandName="SimUnitsForce" devLabel="Force" translation="" />
	<label commandName="SimUnitsLength" devLabel="Length" translation="" />
	<label commandName="SimUnitsMass" devLabel="Mass" translation="" />
	<label commandName="SimUnitsPower" devLabel="Power" translation="" />
	<label commandName="SimUnitsPressure" devLabel="Pressure" translation="" />
	<label commandName="SimUnitsTemprature" devLabel="Temperature" translation="" />
	<label commandName="SimUnitsTime" devLabel="Time" translation="" />
	<label commandName="SimUnitsVelocity" devLabel="Velocity" translation="" />
	<label commandName="SimUnitsViscosity" devLabel="Viscosity" translation="" />
	<label commandName="SimUnitsVoltage" devLabel="Voltage" translation="" />
	<label commandName="SimUnitsVolumeFlowRate" devLabel="Flow Rate" translation="" />
	<label commandName="SimusedStudyName" devLabel="Name of Study is already used!" translation="" />
</Resource>